source,permit_id,permit_number,permit_type,issued_date,contractor_raw,contact_email,contact_phone,source_contact_name,address,city,county,zip,state,work_description,valuation,permit_link,dirt_volume
EPA ECHO (TX),ECHO_TXR1510YX,TXR1510YX,Construction Stormwater NOI (1+ acre),2026-08-01,"Yc Partners, LLC",,,,APPROXIMATELY 0.16 MI NORTH OF THE INTERSECTION OF,"SAN ANTONIO, TX",TX029,78255,TX,Site: GUAJOLOTE RANCH - LAND DEVELOPMENT,,,
EPA ECHO (TX),ECHO_TXR1528YT,TXR1528YT,Construction Stormwater NOI (1+ acre),2026-08-01,"7 Site & Utility, LLC",,,,SITE ENTRANCE IS LOCATED APPROX. 525 FT SOUTHWEST,"SCHERTZ, TX",TX029,78154,TX,Site: ACKERMANN II SUBDIVISION,,,
EPA ECHO (TX),ECHO_TXR1554YW,TXR1554YW,Construction Stormwater NOI (1+ acre),2026-08-01,"Mhcdv1 Mckinney, LLC",,,,6105 E MCKINNEY ST,"DENTON, TX",TX121,76208,TX,Site: WOODLANDS AT MCKINNEY,,,
EPA ECHO (TX),ECHO_TXR1553YU,TXR1553YU,Construction Stormwater NOI (1+ acre),2026-08-01,"Brownstone Construction, Ltd.",,,,201 HEADWATERS BLVD,"DRIPPING SPRINGS, TX",TX453,78620,TX,Site: DDC HEADWATERS LAND,,,
EPA ECHO (TX),ECHO_TXR1559YV,TXR1559YV,Construction Stormwater NOI (1+ acre),2026-08-01,"Double Oak Construction, Inc.",,,,NE CORNER OF SMITH ROAD AND MORNING CLOCK WAY,"HUFFMAN, TX",TX201,77336,TX,Site: WOODLAND LAKES SOUTH DETENTION POND,,,
EPA ECHO (TX),ECHO_TXR1512YV,TXR1512YV,Construction Stormwater NOI (1+ acre),2026-08-01,"Icon Gc, LLC",,,,CENTER STREET AND THOMAS AVENUE NORTH ALONG CENTER,"PASADENA, TX",TX201,77506,TX,Site: CENTER STREET S148,,,
EPA ECHO (TX),ECHO_TXR1515YX,TXR1515YX,Construction Stormwater NOI (1+ acre),2026-08-01,"Kittle Property Group, Inc.",,,,10563 SCHAENFIELD ROAD,"SAN ANTONIO, TX",TX029,78254,TX,Site: CACTUS TRAIL APARTMENTS,,,
EPA ECHO (TX),ECHO_TXR1598YV,TXR1598YV,Construction Stormwater NOI (1+ acre),2026-08-01,"Indigo Construction, LLC",,,,SOUTHEAST OF THE INTERSECTION OF COCOON CROSSING A,"SAN ANTONIO, TX",TX029,78083,TX,Site: TMM SOMERSET UNIT 4,,,
EPA ECHO (TX),ECHO_TXR1595YX,TXR1595YX,Construction Stormwater NOI (1+ acre),2026-08-01,Ckf Construction Services LLC,,,,S. OF MANSFIELD WEBB RD. AND RUTLAND DR.,"ARLINGTON, TX",TX439,76002,TX,Site: VILLAS OF WEBB,,,
EPA ECHO (TX),ECHO_TXR1502YU,TXR1502YU,Construction Stormwater NOI (1+ acre),2026-08-01,"Rowland Mccrory Construction, LLC",,,,525 S PLAZA AVE,"BIG LAKE, TX",TX383,76932,TX,Site: AEP BIG LAKE - MICROSITE,,,
EPA ECHO (TX),ECHO_TXR1599YU,TXR1599YU,Construction Stormwater NOI (1+ acre),2026-08-01,Hunt Development LLC,,,,NE OF ARTESIAN MEADOWS & KINGSTON CROSSING,"BULLARD, TX",TX423,75757,TX,Site: VINTAGE ESTATES,,,
EPA ECHO (TX),ECHO_TXR1588YW,TXR1588YW,Construction Stormwater NOI (1+ acre),2026-08-01,"V. K. Knowlton Construction and Utilities, Inc.",,,,WEST OF FORTUNA STREET/NW 36TH STREET INTERSECTION,"SAN ANTONIO, TX",TX029,78237,TX,Site: FORTUNA SUBDIVISION,,,
EPA ECHO (TX),ECHO_TXR1550YT,TXR1550YT,Construction Stormwater NOI (1+ acre),2026-08-01,"Mike Becknal & Co., Inc.",,,,4020 139TH ST,"LUBBOCK, TX",TX303,79423,TX,Site: MIKE BECKNAL & CO INC ESTATES AT KELSEY PARK,,,
EPA ECHO (TX),ECHO_TXR1509YX,TXR1509YX,Construction Stormwater NOI (1+ acre),2026-08-01,Chris Harp Construction Limited Liability Company,,,,NORTHWEST OF WEST COTTAGE HILL PARKWAY & DELANO CO,"CELINA, TX",TX085,75009,TX,Site: DEER CREEK,,,
EPA ECHO (TX),ECHO_TXR1542YW,TXR1542YW,Construction Stormwater NOI (1+ acre),2026-08-01,Drees Custom Homes L.P.,,,,SOUTHWEST OF BERDOLL LOOP & STATE HIGHWAY 71,"CEDAR CREEK, TX",TX021,78612,TX,Site: SILVERLEAF PH 6,,,
EPA ECHO (TX),ECHO_TXR1509YW,TXR1509YW,Construction Stormwater NOI (1+ acre),2026-08-01,S&W Construction Partners LP,,,,INTERSECTION OF HWY 59 & HWY 236,"QUEEN CITY, TX",TX067,75572,TX,Site: RACETRAC QUEEN CITY,,,
EPA ECHO (TX),ECHO_TXR1552YT,TXR1552YT,Construction Stormwater NOI (1+ acre),2026-08-01,"Insight Builders, LLC",,,,14715 MONRAD DR,"HOUSTON, TX",TX201,77053,TX,Site: NEW FAITH SENIOR VILLAGE,,,
EPA ECHO (TX),ECHO_TXR1538YV,TXR1538YV,Construction Stormwater NOI (1+ acre),2026-08-01,"LGI HOMES-TEXAS, LLC",,,,NORTH OF BIG SKY BOULEVARD & WHITE WOLF TRAIL,"PONDER, TX",TX121,76259,TX,Site: BIG SKY ESTATES PH 3A,,,
EPA ECHO (TX),ECHO_TXR1512YT,TXR1512YT,Construction Stormwater NOI (1+ acre),2026-08-01,"W.T. Byler Co., LLC",,,,2849 OLD DOBBIN RD,"MONTGOMERY, TX",TX339,77316,TX,Site: BNSF DOBBIN CONNECTOR,,,
EPA ECHO (TX),ECHO_TXR1517YV,TXR1517YV,Construction Stormwater NOI (1+ acre),2026-08-01,Drake General Contractors Llc,,,,ON FM 1251 FROM CR 394 TO PANOLA COUNTY LINE,"HENDERSON, TX",TX401,75653,TX,Site: FM 1251 CSJ 1388-01-010,,,
EPA ECHO (TX),ECHO_TXR1526YV,TXR1526YV,Construction Stormwater NOI (1+ acre),2026-08-01,Durwood Greene Construction,,,,JOB IS LOCATED IN BETWEEN TIMBER FOREST BLVD AND C,"HOUSTON, TX",TX201,77044,TX,Site: GENERATION PARK E SECTION 1 & 3,,,
EPA ECHO (TX),ECHO_TXR1541YX,TXR1541YX,Construction Stormwater NOI (1+ acre),2026-08-01,"Vericon Construction Company, LLC",,,,ROSAMOND CROSSING SOUTHEAST CORNER ADDITION BLACK,"ANNA, TX",TX085,75071,TX,Site: BANK OF AMERICA ANNA TEXAS,,,
EPA ECHO (TX),ECHO_TXR1530YT,TXR1530YT,Construction Stormwater NOI (1+ acre),2026-08-01,Ya Baby LLC,,,,ON LOWER SEGUIN ROAD JUST WEST OF CIBOLO CREEK,"SCHERTZ, TX",TX029,78154,TX,Site: JUDAH RANCH PHASE 1 MASS GRADING,,,
EPA ECHO (TX),ECHO_TXR1585YU,TXR1585YU,Construction Stormwater NOI (1+ acre),2026-08-01,"Nash Industries, Inc.",,,,9001 COCHRANS CROSSING DR,"SPRING, TX",TX339,77381,TX,Site: CONROE ISD GALATAS ELEMENTARY GYM ADDITION,,,
EPA ECHO (TX),ECHO_TXR1557YV,TXR1557YV,Construction Stormwater NOI (1+ acre),2026-08-01,Atmos Energy Corporation,,,,SOUTHEAST OF COUNTY RD 258 & RIQUEZA WY,"LIBERTY HILL, TX",TX491,78642,TX,Site: SADDLEBACK PHS 2 SEC 2,,,
EPA ECHO (TX),ECHO_TXR1504YW,TXR1504YW,Construction Stormwater NOI (1+ acre),2026-08-01,Tiger Star Construction Corporation,,,,5000 IH 10,"SEALY, TX",TX015,77474-9506,TX,Site: FIVE STAR PROPERTIES SEALY,,,
EPA ECHO (TX),ECHO_TXR1577YV,TXR1577YV,Construction Stormwater NOI (1+ acre),2026-08-01,"Meritage Homes of Texas, LLC",,,,LOCATED NORTH OF THE INTERSECTION OF BRIDGEWATER S,"WEIR, TX",TX491,78674,TX,Site: THE VANTAGE PHASE 4,,,
EPA ECHO (TX),ECHO_TXR1583YT,TXR1583YT,Construction Stormwater NOI (1+ acre),2026-08-01,City Public Service Energy,,,,SE OF SCHUWIRTH RD & E LOOP 1604 N,"SAN ANTONIO, TX",TX029,78109,TX,Site: CHASIN HEIGHTS UNIT 10,,,
EPA ECHO (TX),ECHO_TXR1535YX,TXR1535YX,Construction Stormwater NOI (1+ acre),2026-08-01,"Deal-2-Deal, LLC",,,,HEAD EAST ON I-10 TO EXIT 11 MESA ST. TURN RIGHT O,"EL PASO, TX",TX141,79911,TX,Site: CIMARRON CANYON UNITS 2 3 5 6 7 & 9,,,
EPA ECHO (TX),ECHO_TXR1582YX,TXR1582YX,Construction Stormwater NOI (1+ acre),2026-08-01,Chris Harp Construction Limited Liability Company,,,,S SIDE FM 2862 4150FT EAST OF CR425,"ANNA, TX",TX085,75409,TX,Site: PAVING OPERATIONS FOR SHERLEY FARMS PH 1A 1B 1C,,,
EPA ECHO (TX),ECHO_TXR1541YV,TXR1541YV,Construction Stormwater NOI (1+ acre),2026-08-01,"D.R. Horton - Texas, Ltd.",,,,APPROX. 325 FEET NORTHWEST FROM THE INTERSECTION O,"MISSOURI CITY, TX",TX157,77459,TX,Site: LEXINGTON VILLAGE,,,
EPA ECHO (TX),ECHO_TXR1522YW,TXR1522YW,Construction Stormwater NOI (1+ acre),2026-08-01,"Stephen F. Austin Homes, LLC",,,,W OF HONEA-EGYPT RD & GRAND LAKE ESTATES DRIVE,"MONTGOMERY, TX",TX339,77316,TX,Site: GRAND LAKE ESTATES - HOME BUILDING,,,
EPA ECHO (TX),ECHO_TXR1554YT,TXR1554YT,Construction Stormwater NOI (1+ acre),2026-08-01,"LEXTON CONSTRUCTION, LLC",,,,APPROX. 200 FEET NORTHWEST FROM THE INTERSECTION O,"MONTGOMERY, TX",TX339,77316,TX,Site: WOODFOREST SECTION 108,,,
EPA ECHO (TX),ECHO_TXR1584YT,TXR1584YT,Construction Stormwater NOI (1+ acre),2026-08-01,Adventures Outback L.P.,,,,1300 DITTMAR ROAD,"AUSTIN, TX",TX453,78745,TX,Site: NOVEL AMENITY CENTER,,,
EPA ECHO (TX),ECHO_TXR1553YX,TXR1553YX,Construction Stormwater NOI (1+ acre),2026-08-01,"MLGP, LLC",,,,"140 YOUNGS PRAIRIE RD. ELGIN, TX 78621","ELGIN, TX",TX021,78621,TX,Site: PRADO VISTA SUBDIVISION,,,
EPA ECHO (TX),ECHO_TXR1589YW,TXR1589YW,Construction Stormwater NOI (1+ acre),2026-08-01,"Ahc Lakeside Crossing Owner, LLC",,,,NE OF MOCCASSIN TRAIL AND OAKENSHIELD RD.,"LEWISVILLE, TX",TX121,75077,TX,Site: LAKESIDE CROSSING APARTMENTS,,,
EPA ECHO (TX),ECHO_TXR1595YW,TXR1595YW,Construction Stormwater NOI (1+ acre),2026-08-01,"RPM xConstruction, LLC",,,,900 FEET NORTH OF BEAR PAW LN AND MCMILLEN RD,"MCKINNEY, TX",TX085,75098,TX,Site: CONCRETE BATCH PLANT SUPPORTING WESTRIDGE PHASE 2,,,
EPA ECHO (TX),ECHO_TXR1558YX,TXR1558YX,Construction Stormwater NOI (1+ acre),2026-08-01,The Christman Company,,,,1106 W DITTMAR RD,"AUSTIN, TX",TX453,78745-6328,TX,Site: UHS AUSTIN 80 BED BEHAVIORAL HEALTH,,,
EPA ECHO (TX),ECHO_TXR1517YW,TXR1517YW,Construction Stormwater NOI (1+ acre),2026-08-01,"Northtex Construction, LLC",,,,"KEEP LEFT TO CONTINUE ON STATE HWY 288 EXPRESS, FO","MANVEL, TX",TX039,77578,TX,Site: MERIDIANA SEC 8A,,,
EPA ECHO (TX),ECHO_TXR1570YX,TXR1570YX,Construction Stormwater NOI (1+ acre),2026-08-01,Primehaven Development LLC,,,,7734 MCKINNEY FALLS PKWY,"AUSTIN, TX",TX453,78744,TX,Site: MCKINNEY RETAIL CENTER,,,
EPA ECHO (TX),ECHO_TXR1521YX,TXR1521YX,Construction Stormwater NOI (1+ acre),2026-08-01,"Hensel Phelps Construction Co., General Partnership",,,,3510 SURVIVAL RD,"AUSTIN, TX",TX453,78719,TX,Site: AUS CCB&T - CONCOURSE M,,,
EPA ECHO (TX),ECHO_TXR1514YW,TXR1514YW,Construction Stormwater NOI (1+ acre),2026-08-01,LCRA Transmission Services Corporation,,,,THE LINEAR TRANSMISSION LINE RIGHT-OF-WAY BETWEEN,"AUSTIN, TX",TX453,78728,TX,Site: HOWARD LN TO WELLS BRANCH T387 TRANSMISSION LINE UPGRADE,,,
EPA ECHO (TX),ECHO_TXR1560YX,TXR1560YX,Construction Stormwater NOI (1+ acre),2026-08-01,"Masonwood HP, LTD, a Texas limited partnership",,,,LOCATED SOUTHEAST OF THE INTERSECTION OF LAVONDE D,"AUSTIN, TX",TX453,78738,TX,Site: THE HILLS AT PROVENCE,,,
EPA ECHO (TX),ECHO_TXR1565YX,TXR1565YX,Construction Stormwater NOI (1+ acre),2026-08-01,"Tiseo Paving Company, LLC",,,,SOUTHWEST OF THE INTERSECTION OF MEADOWS DRIVE AND,"NORTHLAKE ETJ, TX",TX121,76226,TX,Site: HARVEST PHASE 17,,,
EPA ECHO (TX),ECHO_TXR1560YV,TXR1560YV,Construction Stormwater NOI (1+ acre),2026-08-01,"Raymond Construction Co., Inc.",,,,3500 S SH 130 SVRD SB,"AUSTIN, TX",TX453,78617,TX,Site: COLORADO BEND INDUSTRIAL,,,
EPA ECHO (TX),ECHO_TXR1577YX,TXR1577YX,Construction Stormwater NOI (1+ acre),2026-08-01,"Trophy Signature Homes, LLC",,,,EMBARGO RD AND BLAKELY CRK RD,"FORT WORTH, TX",TX439,76126,TX,Site: VENTANA - HOME BUILDING,,,
EPA ECHO (TX),ECHO_TXR1508YU,TXR1508YU,Construction Stormwater NOI (1+ acre),2026-08-01,Genesis Earthworks LLC,,,,3009 DUB WRIGHT BLVD,"ABILENE, TX",TX441,79606,TX,Site: MEADOWCREST SUBDIVISION,,,
EPA ECHO (TX),ECHO_TXR1535YU,TXR1535YU,Construction Stormwater NOI (1+ acre),2026-08-01,"Scott Collier Construction, LLC",,,,3340 IH 20,"STANTON, TX",TX227,79782,TX,Site: STANTON ISD NEW MIDDLE SCHOOL,,,
EPA ECHO (TX),ECHO_TXR1549YX,TXR1549YX,Construction Stormwater NOI (1+ acre),2026-08-01,"Weekley Homes, LLC",,,,NORTHEAST OF THE INTERSECTION OF BRUSHY ROAD CIRCL,"SPRING BRANCH, TX",TX091,78070,TX,Site: 543 RAYNER RANCH BOULEVARD,,,
EPA ECHO (TX),ECHO_TXR1503YV,TXR1503YV,Construction Stormwater NOI (1+ acre),2026-08-01,"Drb Group Texas, LLC",,,,COLORADO SANDS DR. AND BALATON BLVD.,"PFLUGERVILLE, TX",TX453,78660,TX,Site: LAKESIDE MEADOWS PHASE 2,,,
EPA ECHO (TX),ECHO_TXR1592YT,TXR1592YT,Construction Stormwater NOI (1+ acre),2026-08-01,"Primoris Pipeline, Inc.",,,,EAST OF US 59 NORTH-NORTHEAST THE INTERSECTION OF,"QUEEN CITY, TX",TX067,75572,TX,Site: LUCAS AVERY,,,
EPA ECHO (TX),ECHO_TXR1527YU,TXR1527YU,Construction Stormwater NOI (1+ acre),2026-08-01,"RODRIGUEZ, JOSE",,,,3607 YORKSHIRE DR,"ODESSA, TX",TX135,79765,TX,Site: JOSE RODRIGUEZ,,,
EPA ECHO (TX),ECHO_TXR1542YT,TXR1542YT,Construction Stormwater NOI (1+ acre),2026-08-01,Cotx Construction LLC,,,,OFF OF SUNFIRE & AMESBURY AVE.,"EL PASO, TX",TX141,79928,TX,Site: THE RETREAT AT SUNFIRE APARTMENTS,,,
EPA ECHO (TX),ECHO_TXR1508YV,TXR1508YV,Construction Stormwater NOI (1+ acre),2026-08-01,"Drb Group Texas, LLC",,,,ROSEN WAY AND LIBERTY BELL BLVD.,"MANOR, TX",TX453,78653,TX,Site: MANOR HEIGHTS,,,
EPA ECHO (TX),ECHO_TXR1504YY,TXR1504YY,Construction Stormwater NOI (1+ acre),2026-08-01,"Quality Excavation, LLC",,,,SOUTH OF HILL LANE & OAK GROVE PARKWAY,"LITTLE ELM, TX",TX121,75068,TX,Site: HILL LANE PAVING IMPROVEMENTS,,,
EPA ECHO (TX),ECHO_TXR1562YT,TXR1562YT,Construction Stormwater NOI (1+ acre),2026-08-01,Lone Star Dirt & Paving Ltd..,,,,ON UPLAND AVE GO SOUTH TO 34TH THEN SOUTH ON TO 50,"LUBBOCK, TX",TX303,79423,TX,Site: UPLAND AVE 34TH TO 50TH,,,
EPA ECHO (TX),ECHO_TXR1508YX,TXR1508YX,Construction Stormwater NOI (1+ acre),2026-08-01,Sulphur Springs Holdings LLC,,,,2921 150TH ST,"LUBBOCK, TX",TX303,79423,TX,Site: THE RESERVE AT DUNN MILL,,,
EPA ECHO (TX),ECHO_TXR1518YW,TXR1518YW,Construction Stormwater NOI (1+ acre),2026-08-01,"Northtex Construction, LLC",,,,"FOLLOW FM 528 RD, S FRIENDSWOOD DR AND WEST BOULEV","LEAGUE CITY, TX",TX167,77573,TX,Site: LEGACY WEST,,,
EPA ECHO (TX),ECHO_TXR1595YV,TXR1595YV,Construction Stormwater NOI (1+ acre),2026-08-01,"Blazey Construction Services, Inc.",,,,FROM THE INTERSECTION OF BRIDGE CREEK TERRACE & LA,"CYPRESS, TX",TX201,77433,TX,Site: BRIDGE CREEK VILLAGE SECTION 2,,,
EPA ECHO (TX),ECHO_TXR1511YV,TXR1511YV,Construction Stormwater NOI (1+ acre),2026-08-01,"Elevated Build Group, LLC",,,,7528 52,"LUBBOCCK, TX",TX303,79407,TX,Site: ESCONDIDO RANCH,,,
EPA ECHO (TX),ECHO_TXR1589YV,TXR1589YV,Construction Stormwater NOI (1+ acre),2026-08-01,"Joseph Creek Homes, LLC",,,,SITE IS LOCATED APPROXIMATELY 1 MILE WEST OF THE I,"RIO MEDINA, TX",TX325,78066,TX,Site: LEGACY HILLS UNIT 2D,,,
EPA ECHO (TX),ECHO_TXR1568YT,TXR1568YT,Construction Stormwater NOI (1+ acre),2026-08-01,"Drb Group Texas, LLC",,,,COUNTY RD. 307 AND BEAVER CREEK DR.,"JARRELL, TX",TX491,76537,TX,Site: HUNTERS GLEN ADDITION,,,
EPA ECHO (TX),ECHO_TXR1515YU,TXR1515YU,Construction Stormwater NOI (1+ acre),2026-08-01,"Hill Building Group, LLC",,,,751 E RENDON CROWLEY RD,"BURLESON, TX",TX439,76028-7536,TX,Site: STACKED,,,
EPA ECHO (TX),ECHO_TXR1504YT,TXR1504YT,Construction Stormwater NOI (1+ acre),2026-08-01,Rd Underground Construction Inc,,,,"LOCATED EAST OF CREEKVIEW MEADOWS AVE, ALONG FM 42","CELINA, TX",TX121,75009,TX,Site: CREEKVIEW MEADOWS PH 2 OFFSITE,,,
EPA ECHO (TX),ECHO_TXR1522YV,TXR1522YV,Construction Stormwater NOI (1+ acre),2026-08-01,"Michels Infrastructure Solutions, Inc.",,,,876 HCR 3369,"HUBBARD, TX",TX217,76648,TX,Site: PROJECT CONCORD,,,
EPA ECHO (TX),ECHO_TXR1533YV,TXR1533YV,Construction Stormwater NOI (1+ acre),2026-08-01,"Drash Contracting Company, LLC",,,,"3401, 3517, & 3581 ROY RICHARDS DR. F.M. 3009","SCHERTZ, TX",TX187,78154,TX,Site: KELLUM MEDICAL PHASE 4,,,
EPA ECHO (TX),ECHO_TXR1590YX,TXR1590YX,Construction Stormwater NOI (1+ acre),2026-08-01,Batson-Cook,,,,2400 S AIRFIELD DR,"DALLAS, TX",TX439,75261,TX,Site: DFW - REMOTE SOUTH PARKING LOT,,,
EPA ECHO (TX),ECHO_TXR1518YU,TXR1518YU,Construction Stormwater NOI (1+ acre),2026-08-01,De Leon Fence & Construction Services LLC,,,,SOUTHWEST OF LEAGUE ROAD & EDWARDS ROAD,"MCLENDONCHISHOLM, TX",TX397,75032,TX,Site: LEAGUE RD IMPROVEMENTS,,,
EPA ECHO (TX),ECHO_TXR1577YW,TXR1577YW,Construction Stormwater NOI (1+ acre),2026-08-01,LCRA Transmission Services Corporation,,,,401 WOLF RANCH PKWY,"GEORGETOWN, TX",TX491,78628,TX,Site: T597 RIVERY TO GEORGETOWN,,,
EPA ECHO (TX),ECHO_TXR1574YU,TXR1574YU,Construction Stormwater NOI (1+ acre),2026-08-01,"Jl Gray Construction, LLC",,,,LOCATED NORTH OF THE INTERSECTION OF BRIDGEWATER S,"WEIR, TX",TX491,78674,TX,Site: THE VANTAGE PHASE 4,,,
EPA ECHO (TX),ECHO_TXR1520YV,TXR1520YV,Construction Stormwater NOI (1+ acre),2026-08-01,Harris County Flood Control District,,,,HCFCD UNIT E125-00-00 BETWEEN RODNEY RAY BLVD AND,"HOUSTON, TX",TX201,77040,TX,Site: HCFCD PROJ ID E125-00-00-X011,,,
EPA ECHO (TX),ECHO_TXR1511YU,TXR1511YU,Construction Stormwater NOI (1+ acre),2026-08-01,Concrete Strategies LLC,,,,FM 600 & US 380 HASKELL & JONES COUNTY,"HASKELL, TX",TX207,79521,TX,Site: ABL-0908-22-014,,,
EPA ECHO (TX),ECHO_TXR1541YW,TXR1541YW,Construction Stormwater NOI (1+ acre),2026-08-01,"Conatser Construction Tx, LP",,,,NORTHWEST OF WALSH RANCH PARKWAY & QUAIL MEADOW DR,"FORT WORTH, TX",TX439,76008,TX,Site: BATCH PLANT SUPPORTING WALSH RANCH QUAIL VALLEY - PA6B,,,
EPA ECHO (TX),ECHO_TXR1548YW,TXR1548YW,Construction Stormwater NOI (1+ acre),2026-08-01,"Continental Homes Of Texas, L.P.",,,,N 42ND ST & ALAMEDA ST,"TEMPLE, TX",TX027,76501,TX,Site: NORTH CREEK - HB,,,
EPA ECHO (TX),ECHO_TXR1594YT,TXR1594YT,Construction Stormwater NOI (1+ acre),2026-08-01,Olivia Clarke Homes LLC,,,,WEST OF THE INTERSECTION OF SMILEY ROAD AND OLD DA,"CELINA, TX",TX121,75009,TX,Site: GRAND OAKS AT GREEN MEADOWS PHASE 1A & 1B,,,
EPA ECHO (TX),ECHO_TXR1576YU,TXR1576YU,Construction Stormwater NOI (1+ acre),2026-08-01,"Harris Construction Company, LLC",,,,"SOUTH OF STATE HIGHWAY 242, WEST OF OLD HOUSTON RD","CONROE, TX",TX339,77302,TX,Site: ARTAVIA SUBDIVISION,,,
EPA ECHO (TX),ECHO_TXR1578YU,TXR1578YU,Construction Stormwater NOI (1+ acre),2026-08-01,"R Construction Civil, LLC.",,,,US 90 AT COLORADO RIVER RELIEF,"COLUMBUS, TX",TX089,78934,TX,Site: US 90 AT COLORADO RIVER RELIEF,,,
EPA ECHO (TX),ECHO_TXR1580YU,TXR1580YU,Construction Stormwater NOI (1+ acre),2026-08-01,"D.R. Horton - Texas, Ltd.",,,,HWY 287 AND MILLER ROAD,"MIDLOTHIAN, TX",TX139,76065,TX,Site: WESTSIDE PRESERVE,,,
EPA ECHO (TX),ECHO_TXR1549YT,TXR1549YT,Construction Stormwater NOI (1+ acre),2026-08-01,Tilson Home Corporation,,,,"MASTER PLANNED COMMUNITY SOUTH OF HUNTSVILLE, TEXA","HUNTSVILLE, TX",TX471,77340,TX,Site: ESTATES OF TEXAS GRAND RANCH,,,
EPA ECHO (TX),ECHO_TXR1557YU,TXR1557YU,Construction Stormwater NOI (1+ acre),2026-08-01,"Jamail & Smith Construction, LP",,,,11950 TAYLORCREST RD,"HOUSTON, TX",TX201,77024-4300,TX,Site: BUNKER HILL ELEMENTARY SCHOOL,,,
EPA ECHO (TX),ECHO_TXR1567YX,TXR1567YX,Construction Stormwater NOI (1+ acre),2026-08-01,Ltd  Hfa Ae,,,,6322 FM 56,"GLEN ROSE, TX",TX425,76043,TX,Site: CPNPP GUN RANGE PHASE 1,,,
EPA ECHO (TX),ECHO_TXR1503YY,TXR1503YY,Construction Stormwater NOI (1+ acre),2026-08-01,"Darnell Construction, LLC",,,,I-20 FRONTAGE FROM HICKORY ST. TO CYPRESS ST. ASH,"ROSCOE, TX",TX353,79545,TX,Site: CITY OF ROSCOE UTILITY PROJECT,,,
EPA ECHO (TX),ECHO_TXR1593YT,TXR1593YT,Construction Stormwater NOI (1+ acre),2026-08-01,"FRANCO, FERNANDO",,,,8601 LA JOLLA DR,"ODESSA, TX",TX135,79765,TX,Site: FERNANDO FRANCO,,,
EPA ECHO (TX),ECHO_TXR1516YX,TXR1516YX,Construction Stormwater NOI (1+ acre),2026-08-01,"Tri Pointe Homes Dfw, LLC",,,,SEC OF BEN PAYNE RD AND W HOLIDAY,"FATE, TX",TX397,75087,TX,Site: AVONDALE,,,
EPA ECHO (TX),ECHO_TXR1504YX,TXR1504YX,Construction Stormwater NOI (1+ acre),2026-08-01,Highway 19 Construction LLC,,,,US 67 AT LAKE RIDGE PARKWAY FROM SOUTH OF SHILOH R,"MIDLOTHIAN, TX",TX139,76065,TX,Site: TXDOT DAL 0261-01-041 US 67,,,
EPA ECHO (TX),ECHO_TXR1546YW,TXR1546YW,Construction Stormwater NOI (1+ acre),2026-08-01,The Whiting-Turner Contracting Company,,,,HEMPHILL STREET AND ARCHBURY,"BURLESON, TX",TX439,76028,TX,Site: LIFE CHURCH BURLESON,,,
EPA ECHO (TX),ECHO_TXR1535YW,TXR1535YW,Construction Stormwater NOI (1+ acre),2026-08-01,Anthony Matthew Wright,,,,EAST OF FM 1486 & HIGH MEADOW WEST DRIVE INTERSECT,"MONTGOMERY, TX",TX339,77316,TX,Site: HIGH MEADOW ESTATES - 4600 HIGH MEADOW WEST COURT,,,
EPA ECHO (TX),ECHO_TXR1578YW,TXR1578YW,Construction Stormwater NOI (1+ acre),2026-08-01,IOC Company LLC,,,,FM 2220 FROM FM 1925 TO SH107,"MCALLEN, TX",TX215,78504,TX,Site: TXDOT PHR CSJ 209401063,,,
EPA ECHO (TX),ECHO_TXR1572YU,TXR1572YU,Construction Stormwater NOI (1+ acre),2026-08-01,"First Texas Homes, Inc.",,,,S CAMINO LAGOS AND ENGLAND PKWY,"GRAND PRAIRIE, TX",TX439,75054,TX,Site: BELLA VISTA AT MIRA LAGOS - HOME BUILDING,,,
EPA ECHO (TX),ECHO_TXR1514YV,TXR1514YV,Construction Stormwater NOI (1+ acre),2026-08-01,"Mtz Construction, Inc.",,,,APPROX. NORTH OF SAN ISIDRO NORTHEAST LA PAZ SUBDI,"LAREDO, TX",TX479,78045,TX,Site: SAN ISIDRO NORTHEAST LA PAZ SUBDIVISION PHASE 2,,,
EPA ECHO (TX),ECHO_TXR1582YU,TXR1582YU,Construction Stormwater NOI (1+ acre),2026-08-01,Chris Harp Construction Limited Liability Company,,,,NORTHWEST OF MOUSER WAY & WATSON BRANCH LANE,"MANSFIELD, TX",TX439,76063,TX,Site: WATSON BRANCH PH 2,,,
EPA ECHO (TX),ECHO_TXR1553YT,TXR1553YT,Construction Stormwater NOI (1+ acre),2026-08-01,Novel Builders LLC,,,,NORTHEAST CORNER OF US 380 AND FM 1385,"PROSPER, TX",TX121,76227,TX,Site: WESTSIDE 18R,,,
EPA ECHO (TX),ECHO_TXR1584YV,TXR1584YV,Construction Stormwater NOI (1+ acre),2026-08-01,"Brumlow East Southlake, LLC",,,,"1535 BRUMLOW AVE. SOUTHLAKE, TX 76092","SOUTHLAKE, TX",TX439,76092,TX,Site: BRUMLOW EAST,,,
EPA ECHO (TX),ECHO_TXR1528YX,TXR1528YX,Construction Stormwater NOI (1+ acre),2026-08-01,Atmos Energy Corporation,,,,SOUTHEAST OF FARM TO MARKET RD 720 & SPIRITAS RNCH,"LITTLE ELM, TX",TX121,75068,TX,Site: SPIRITAS RANCH PHS 2M,,,
EPA ECHO (TX),ECHO_TXR1522YX,TXR1522YX,Construction Stormwater NOI (1+ acre),2026-08-01,Harmony Public Schools,,,,NORTHEAST OF THE INTERSECTION OF WHITE SETTLEMENT,"FORT WORTH, TX",TX439,76108,TX,Site: HARMONY PUBLIC SCHOOLS WHITE SETTLEMENT,,,
EPA ECHO (TX),ECHO_TXR1569YW,TXR1569YW,Construction Stormwater NOI (1+ acre),2026-08-01,Mario Homes LLC,,,,10402 KENDALL CYN,"SAN ANTONIO, TX",TX029,78255,TX,Site: RN107950651,,,
EPA ECHO (TX),ECHO_TXR1561YW,TXR1561YW,Construction Stormwater NOI (1+ acre),2026-08-01,CF CSLK CALITERRA LLC,,,,WEST OF THE INTERSECTION OF CALITERRA PARKWAY AND,"DRIPPING SPRINGS, TX",TX209,78620,TX,Site: CALITERRA PHASE 3 SECTION 10,,,
EPA ECHO (TX),ECHO_TXR1591YX,TXR1591YX,Construction Stormwater NOI (1+ acre),2026-08-01,Drees Custom Homes L.P.,,,,SOUTHEAST OF LAKE BREEZE DRIVE & LAKEVIEW WAY,"WALLER, TX",TX473,77484,TX,Site: LAKEVIEW SEC 7,,,
EPA ECHO (TX),ECHO_TXR1565YU,TXR1565YU,Construction Stormwater NOI (1+ acre),2026-08-01,"KCK Utility Construction, Inc.",,,,NORTHWEST OF MOUSER WAY & WATSON BRANCH LANE,"MANSFIELD, TX",TX439,76063,TX,Site: WATSON BRANCH PH 2,,,
EPA ECHO (TX),ECHO_TXR1590YU,TXR1590YU,Construction Stormwater NOI (1+ acre),2026-08-01,"Larry Young Paving, Inc.",,,,"THIS PROJECT IS LOCATED WITHIN THE CITY OF CONROE,","CONROE, TX",TX339,77316,TX,Site: LAKE CONROE FOREST PH 2,,,
EPA ECHO (TX),ECHO_TXR1556YU,TXR1556YU,Construction Stormwater NOI (1+ acre),2026-08-01,"Ae Contractors, LLC",,,,SOUTHEAST OF MATLOCK ROAD & EAST DEBBIE LANE,"MANSFIELD, TX",TX439,76063,TX,Site: AE MANSFIELD MATLOCK,,,
EPA ECHO (TX),ECHO_TXR1566YX,TXR1566YX,Construction Stormwater NOI (1+ acre),2026-08-01,"Flintco, LLC",,,,6883 FANNIN ST,"HOUSTON, TX",TX201,77030,TX,Site: MD ANDERSON LEGACY CAMPUS SUPPORT FACILITY,,,
EPA ECHO (TX),ECHO_TXR1581YX,TXR1581YX,Construction Stormwater NOI (1+ acre),2026-08-01,"Texas Commercial Builders, LLC",,,,14001 US 290,"DRIPPING SPRINGS, TX",TX209,78620,TX,Site: U-HAUL DRIPPING SPRINGS 0090,,,
EPA ECHO (TX),ECHO_TXR1564YU,TXR1564YU,Construction Stormwater NOI (1+ acre),2026-08-01,Sahara Development & General Contracting Inc,,,,SEC S. WESTMORELAND RD AND PARKERVILLE RD,"DESOTO, TX",TX113,75115,TX,Site: THE WATERMARK,,,
EPA ECHO (TX),ECHO_TXR1562YW,TXR1562YW,Construction Stormwater NOI (1+ acre),2026-08-01,"Blackland Partners, Llc",,,,600 EAST OF STADIUM DR AND I-30 EAST SERVICE ROAD,"FRISCO, TX",TX121,75034,TX,Site: ZARKY 92 ACRES PHASE 1,,,
EPA ECHO (TX),ECHO_TXR1596YV,TXR1596YV,Construction Stormwater NOI (1+ acre),2026-08-01,"COOLEY CONSTRUCTION, LLC",,,,20345 BINFORD RD,"WALLER, TX",TX201,77484,TX,Site: ELITE RV EXPANSION,,,
EPA ECHO (TX),ECHO_TXR1513YV,TXR1513YV,Construction Stormwater NOI (1+ acre),2026-08-01,"Elite Construction And Engineering Services, LLC",,,,EAST OF THE BOHACEK ROAD & HOPKINS ROAD INTERSECTI,"BEASLEY, TX",TX157,77417,TX,Site: WILDBLOOM SECTION 1 WSD & PAVING,,,
EPA ECHO (TX),ECHO_TXR1535YT,TXR1535YT,Construction Stormwater NOI (1+ acre),2026-08-01,Space Exploration Technologies Corp.,,,,LOCATED SOUTH OF GIBBONS CREEK RESERVOIR AND NORTH,"ANDERSON, TX",TX001,77830,TX,Site: GIBBONS CREEK PROJECT SITE,,,
EPA ECHO (TX),ECHO_TXR1529YV,TXR1529YV,Construction Stormwater NOI (1+ acre),2026-08-01,"Jones Bros. Dirt & Paving Contractors, Inc.",,,,9506 LA FORCE BLVD,"MIDLAND, TX",TX329,79706-4799,TX,Site: MIDLAND INTERNATIONAL AIRPORT,,,
EPA ECHO (TX),ECHO_TXR1507YY,TXR1507YY,Construction Stormwater NOI (1+ acre),2026-08-01,"Conatser Construction Tx, LP",,,,SOUTH SIDE OF FM 1384 AT JIM BAKER ROAD,"JUSTIN, TX",TX121,76247,TX,Site: MAGNOLIA RIDGE JUSTIN TX,,,
EPA ECHO (TX),ECHO_TXR1501YU,TXR1501YU,Construction Stormwater NOI (1+ acre),2026-08-01,Joe Bland Construction LLC,,,,6505 BRIDGE POINT PKWY,"AUSTIN, TX",TX453,78730-5011,TX,Site: BRIDGEPOINT PARKWAY,,,
EPA ECHO (TX),ECHO_TXR1536YU,TXR1536YU,Construction Stormwater NOI (1+ acre),2026-08-01,"H & S Service, LLC",,,,NORTH OF SKYLANE AND AIRPORT RD,"DENTON, TX",TX121,76207,TX,Site: MASCH BRANCH PARKING LOT EXPANSION,,,
EPA ECHO (TX),ECHO_TXR1528YU,TXR1528YU,Construction Stormwater NOI (1+ acre),2026-08-01,"W.T. Byler Co., LLC",,,,28211 HARDIN STORE RD,"MAGNOLIA, TX",TX339,77354,TX,Site: CPE MILL CREEK SUB,,,
EPA ECHO (TX),ECHO_TXR1530YV,TXR1530YV,Construction Stormwater NOI (1+ acre),2026-08-01,Guillermo  Salcedo,,,,THE NEW POND IS LOCATED SOUTH OF THE INTERSECTION,"SPRING, TX",TX339,77386,TX,Site: ALAN PHELPS DETENTION POND,,,
EPA ECHO (TX),ECHO_TXR1579YX,TXR1579YX,Construction Stormwater NOI (1+ acre),2026-08-01,SLATE CONSTRUCTION LLC,,,,17194 FM 2354,"BAYTOWN, TX",TX071,77523,TX,Site: NELSON BAYTOWN WAREHOUSE DEVELOPMENT,,,
EPA ECHO (TX),ECHO_TXR1532YV,TXR1532YV,Construction Stormwater NOI (1+ acre),2026-08-01,Texas Department of Transportation,,,,US 67 AT LAKE RIDGE PARKWAY FROM SOUTH OF SHILOH R,"MIDLOTHIAN, TX",TX139,76065,TX,Site: TXDOT DAL 0261-01-041 US 67,,,
EPA ECHO (TX),ECHO_TXR1584YW,TXR1584YW,Construction Stormwater NOI (1+ acre),2026-08-01,City Public Service Energy,,,,NE OF BULVERDE RD & CHIMNEY SPRINGS DR,"SAN ANTONIO, TX",TX029,78247,TX,Site: PARKHILL TRACT,,,
EPA ECHO (TX),ECHO_TXR1521YU,TXR1521YU,Construction Stormwater NOI (1+ acre),2026-08-01,"Pogue Construction Co., LLC",,,,SOUTHEAST OF NORTH COLEMAN STREET & EAGLE WAY,"PROSPER, TX",TX085,75078,TX,Site: REYNOLDS MS ADDITIONS & RENOVATIONS,,,
EPA ECHO (TX),ECHO_TXR1503YW,TXR1503YW,Construction Stormwater NOI (1+ acre),2026-08-01,"Oht Construction West, LLC",,,,1151 FRIENDSHIP LANE,"FREDERICKSBURG, TX",TX171,78624,TX,Site: THE LUCILLE AT FREDERICKSBURG,,,
EPA ECHO (TX),ECHO_TXR1574YT,TXR1574YT,Construction Stormwater NOI (1+ acre),2026-08-01,"RMB MANAGEMENT, L.L.C.",,,,801 EAST P STREET,"DEER PARK, TX",TX201,77536,TX,Site: DOW PARK DRAINAGE PIPE REHAB PKG LOT IMPROVEMENTS,,,
EPA ECHO (TX),ECHO_TXR1535YV,TXR1535YV,Construction Stormwater NOI (1+ acre),2026-08-01,M. A. Mortenson Company,,,,THE SITE IS LOCATED 0.5 MILES WEST OF THE JUNCTION,"UHLAND, TX",TX055,78640,TX,Site: CALDWELL VALLEY TECHNOLOGY PARK - FARMERS CONST ENTRANCE,,,
EPA ECHO (TX),ECHO_TXR1516YW,TXR1516YW,Construction Stormwater NOI (1+ acre),2026-08-01,"Northtex Construction, LLC",,,,NE OF RUNNEBURG RD. AND ROSEMARY LN.,"CROSBY, TX",TX201,77532,TX,Site: CEDAR POINTE SEC 9,,,
EPA ECHO (TX),ECHO_TXR1546YX,TXR1546YX,Construction Stormwater NOI (1+ acre),2026-08-01,"Weekley Homes, LLC",,,,NORTHEAST OF THE INTERSECTION OF ROSEMARY RIDGE DR,"BULVERDE, TX",TX091,78163,TX,Site: 34712 MAYER OAKS,,,
EPA ECHO (TX),ECHO_TXR1506YV,TXR1506YV,Construction Stormwater NOI (1+ acre),2026-08-01,"Drb Group Texas, LLC",,,,CR 133 AND FLORA BLVD.,"HUTTO, TX",TX491,78634,TX,Site: FLORA,,,
EPA ECHO (TX),ECHO_TXR1588YU,TXR1588YU,Construction Stormwater NOI (1+ acre),2026-08-01,Pcl Industrial Power LLC,,,,511 FM 2404,"ABILENE, TX",TX441,79601,TX,Site: ADC DUROC POWER PLANT,,,
EPA ECHO (TX),ECHO_TXR1537YU,TXR1537YU,Construction Stormwater NOI (1+ acre),2026-08-01,"Bosc Construction, LLC",,,,SOUTHEAST OF THE INTERSECTION OF BORCHERT LOOP AND,"LOCKHART, TX",TX055,78644,TX,Site: JUNIPER SPRINGS PHASE 8,,,
EPA ECHO (TX),ECHO_TXR1529YT,TXR1529YT,Construction Stormwater NOI (1+ acre),2026-08-01,"Classen Winters, LLC",,,,671 RIDGE HILL DR,"NEW BRAUNFELS, TX",TX091,78130-6627,TX,Site: KEITH WING TWO STORY OFFICE,,,
EPA ECHO (TX),ECHO_TXR1592YV,TXR1592YV,Construction Stormwater NOI (1+ acre),2026-08-01,S & J Excavation LLC,,,,APPROX. 600 FEET SOUTHEAST FROM THEINTERSECTION OF,"TEXAS CITY, TX",TX167,77539,TX,Site: LAKESIDE BAYOU,,,
EPA ECHO (TX),ECHO_TXR1564YX,TXR1564YX,Construction Stormwater NOI (1+ acre),2026-08-01,"DNT Construction, LLC",,,,NORTHWEST OF THE INTERSECTION OF GALM ROAD AND FM,"HELOTES, TX",TX029,78023,TX,Site: BRICEWOOD SUBDIVISION UNIT 4,,,
EPA ECHO (TX),ECHO_TXR1514YX,TXR1514YX,Construction Stormwater NOI (1+ acre),2026-08-01,"Gs Construction Midsouth, LLC",,,,845 BLACKSON AVE,"AUSTIN, TX",TX453,78752,TX,Site: ST JOHNS APARTMENTS NORTH,,,
EPA ECHO (TX),ECHO_TXR1536YW,TXR1536YW,Construction Stormwater NOI (1+ acre),2026-08-01,Svag Construction LLC,,,,2585 W TIDWELL RD,"HOUSTON, TX",TX201,77091,TX,Site: FAIRMONT RESIDENCES,,,
EPA ECHO (TX),ECHO_TXR1538YT,TXR1538YT,Construction Stormwater NOI (1+ acre),2026-08-01,"Mycon General Contractors, Inc.",,,,"APPROXIMATELY 2,000 FEET WEST OF THE INTERSECTION","PRINCETON, TX",TX085,75047,TX,Site: HOME DEPOT - PRINCETON TX,,,
EPA ECHO (TX),ECHO_TXR1511YW,TXR1511YW,Construction Stormwater NOI (1+ acre),2026-08-01,"BOB EDWARDS CONSTRUCTION, L.L.C.",,,,SITE IS LOCATED APPROXIMATELY 0.4 MILES EAST OF TH,"KILLEEN, TX",TX027,76543,TX,Site: CAMELBACK RV AND BOAT STORAGE - DOGWOOD ADDITION NO 2,,,
EPA ECHO (TX),ECHO_TXR1599YT,TXR1599YT,Construction Stormwater NOI (1+ acre),2026-08-01,"Preserve Land 1, LLC",,,,SOUTHEAST OF CR 418 AND CR 417,"MELISSA, TX",TX085,75454,TX,Site: THE PRESERVE,,,
EPA ECHO (TX),ECHO_TXR1513YT,TXR1513YT,Construction Stormwater NOI (1+ acre),2026-08-01,"Beyer Construction, LLC",,,,APPROX. 1100 FEET WEST FROM THE INTERSECTION OF FL,"CYPRESS, TX",TX201,77433,TX,Site: DUNHAM POINTE SECTION 18,,,
EPA ECHO (TX),ECHO_TXR1506YY,TXR1506YY,Construction Stormwater NOI (1+ acre),2026-08-01,City Public Service Energy,,,,SOUTH OF I-410 ACCESS RD & ROOSEVELT AVE,"SAN ANTONIO, TX",TX029,78221,TX,Site: US-281 12-SP GAS MAIN EXTENSION,,,
EPA ECHO (TX),ECHO_TXR1567YW,TXR1567YW,Construction Stormwater NOI (1+ acre),2026-08-01,SWINERTON BUILDERS,,,,5601 MENCHACA RD,"AUSTIN, TX",TX453,78745-3633,TX,Site: CROCKETT HIGH SCHOOL - GYM ADDITION,,,
EPA ECHO (TX),ECHO_TXR1514YT,TXR1514YT,Construction Stormwater NOI (1+ acre),2026-08-01,Legacy Builders Texas LLC,,,,SW CORNER OF E KIRKWOOD AND RIVERA LN,"SOUTHLAKE, TX",TX439,76092,TX,Site: CARILLON PARC,,,
EPA ECHO (TX),ECHO_TXR1516YV,TXR1516YV,Construction Stormwater NOI (1+ acre),2026-08-01,Drake General Contractors Llc,,,,ON FM 95 FROM FM 1971 TO NACOGDOCHES COUNTY LINE,"GARRISON, TX",TX401,75946,TX,Site: FM 95 CSJ 0706-02-023,,,
EPA ECHO (TX),ECHO_TXR1556YT,TXR1556YT,Construction Stormwater NOI (1+ acre),2026-08-01,"Arco/Murray National Holdings, Inc.",,,,NORTHEAST CORNER OF I-35 AND LOOP 288,"DENTON, TX",TX121,76207,TX,Site: HORIZON 35,,,
EPA ECHO (TX),ECHO_TXR1503YT,TXR1503YT,Construction Stormwater NOI (1+ acre),2026-08-01,Construction Managers Of Austin LLC,,,,19625 JUDYS VIEW,"PFLUGERVILLE, TX",TX453,78660,TX,Site: THE GROVE AT BLACKHAWK - AMENITY CENTER,,,
EPA ECHO (TX),ECHO_TXR1555YX,TXR1555YX,Construction Stormwater NOI (1+ acre),2026-08-01,1808 Bastrop LLC,,,,10510 STANCLIFF RD,"HOUSTON, TX",TX201,77099-4333,TX,Site: MAY FOOD PRODUCE,,,
EPA ECHO (TX),ECHO_TXR1585YX,TXR1585YX,Construction Stormwater NOI (1+ acre),2026-08-01,"Continental Homes Of Texas, L.P.",,,,0.14 MILES NORTH OF THE GALM ROAD AND GOODENOUGH L,"SAN ANTONIO, TX",TX325,78253,TX,Site: GALM ROAD PHASE 3,,,
EPA ECHO (TX),ECHO_TXR1532YW,TXR1532YW,Construction Stormwater NOI (1+ acre),2026-08-01,Invictus Land Developments Llc,,,,ON THE WEST SIDE OF GARDNER RD .5 MILES SOUTH OF N,"SAN ANTONIO, TX",TX029,78263,TX,Site: GARDNER SPRINGS SUBDIVISION UNIT 2,,,
EPA ECHO (TX),ECHO_TXR1513YX,TXR1513YX,Construction Stormwater NOI (1+ acre),2026-08-01,"Double Oak Construction, Inc.",,,,SOUTHEAST CORNER OF WALNUT CREEK ROAD AND BUTERA R,"MAGNOLIA, TX",TX339,77355,TX,Site: WALNUT RIDGE SECTION 1,,,
EPA ECHO (TX),ECHO_TXR1539YW,TXR1539YW,Construction Stormwater NOI (1+ acre),2026-08-01,Texas Department of Transportation,,,,FM 2220 FROM FM 1925 TO SH107,"MCALLEN, TX",TX215,78504,TX,Site: TXDOT PHR CSJ 209401063,,,
EPA ECHO (TX),ECHO_TXR1596YT,TXR1596YT,Construction Stormwater NOI (1+ acre),2026-08-01,"Toll Bros., Inc.",,,,2008 RANGELAND WAY,"BARTONVILLE, TX",TX121,76226,TX,Site: FURST RANCH,,,
EPA ECHO (TX),ECHO_TXR1501YV,TXR1501YV,Construction Stormwater NOI (1+ acre),2026-08-01,Cadre ATX LLC,,,,16620 SWEETWATER VILLAGE DRIVE,"BEE CAVE, TX",TX453,78669,TX,Site: THE PLAZA AT SWEETWATER CROSSING,,,
EPA ECHO (TX),ECHO_TXR1585YT,TXR1585YT,Construction Stormwater NOI (1+ acre),2026-08-01,"Heyl Homes, Inc.",,,,21217 SCARLET TANAGER COVE PLUS POTENTIAL FUTURE L,"SPICEWOOD, TX",TX453,78669,TX,Site: TRAVIS CLUB HOMEBUILDING,,,
EPA ECHO (TX),ECHO_TXR1532YX,TXR1532YX,Construction Stormwater NOI (1+ acre),2026-08-01,"Surecrete, LLC",,,,NW CORNER OF E GLEN BLVD. & CLAY MATHIS RD. MESQUI,"MESQUITE, TX",TX113,75181,TX,Site: AVANTI HILLS SENIOR LIVING,,,
EPA ECHO (TX),ECHO_TXR1522YU,TXR1522YU,Construction Stormwater NOI (1+ acre),2026-08-01,De Leon Fence & Construction Services LLC,,,,SOUTH OF LEAGUE ROAD & EDWARDS ROAD,"MCLENDONCHISHOLM, TX",TX397,75032,TX,Site: SONOMA VERDE EAST PH 1,,,
EPA ECHO (TX),ECHO_TXR1531YT,TXR1531YT,Construction Stormwater NOI (1+ acre),2026-08-01,Sunfield Development LLC,,,,SOUTH FROM SATTERWHITE ROAD AND WEST FROM TURNERSV,"BUDA, TX",TX209,78610,TX,Site: SATTERWHITE SUBDIVISION,,,
EPA ECHO (TX),ECHO_TXR1581YW,TXR1581YW,Construction Stormwater NOI (1+ acre),2026-08-01,Cadence McShane Construction Company LLC,,,,7105 BERKMAN DR,"AUSTIN, TX",TX453,78752-3435,TX,Site: NELSON FIELD - INFRASTRUCTURE IMPROVEMENTS,,,
EPA ECHO (TX),ECHO_TXR1555YT,TXR1555YT,Construction Stormwater NOI (1+ acre),2026-08-01,Texas Department of Transportation,,,,US 75 FROM FM 902 TO FM 1417,"VAN ALSTYNE, TX",TX181,75495,TX,Site: TXDOT - PAR - CSJ 0047-03-091 ETC,,,
EPA ECHO (TX),ECHO_TXR1593YV,TXR1593YV,Construction Stormwater NOI (1+ acre),2026-08-01,S & J Excavation LLC,,,,NEC & SEC OF I-69 AND FM 762,"RICHMOND, TX",TX157,77469,TX,Site: CIRCLE OAK PH 3 DETENTION DRAINAGE & MITIGATION IMPROVEMEN,,,
EPA ECHO (TX),ECHO_TXR1587YT,TXR1587YT,Construction Stormwater NOI (1+ acre),2026-08-01,"Embree Construction Group, Inc.",,,,9900 DARDEN HILL RD,"AUSTIN, TX",TX209,78737-9278,TX,Site: DARDEN HILL STORAGE PHASE 2,,,
EPA ECHO (TX),ECHO_TXR1519YT,TXR1519YT,Construction Stormwater NOI (1+ acre),2026-08-01,"10 Point Homes & Construction, LLC",,,,SITE IS LOCATED APPROXIMATELY 0.5 MILES NORTH OF T,"ABILENE, TX",TX441,79601,TX,Site: CAMPUS EDGE,,,
EPA ECHO (TX),ECHO_TXR1598YT,TXR1598YT,Construction Stormwater NOI (1+ acre),2026-08-01,"SER Construction Partners, LLC",,,,SH 99 FROM 0.64 MI NORTH OF IH 10 TO 0.15 MI SOUTH,"KATY, TX",TX201,77449,TX,Site: HOU CSJ 3510-05-047 ETC,,,
EPA ECHO (TX),ECHO_TXR1576YV,TXR1576YV,Construction Stormwater NOI (1+ acre),2026-08-01,"Joeris General Contractors, LLC",,,,"AT RELLIS PKWY, SOUTH OF HWY 21 - 30.642043, -96.4","BRYAN, TX",TX041,77807,TX,Site: BCDC ALIAS TEXAS HANGAR,,,
EPA ECHO (TX),ECHO_TXR1528YW,TXR1528YW,Construction Stormwater NOI (1+ acre),2026-08-01,"Grande Oilfield, L.L.C.",,,,ON THE INTERSECTION OF EVANS RD AND HANGING OAK,"SAN ANTONIO, TX",TX029,78266,TX,Site: OUTER LOOP UTILITY - NE GATE,,,
EPA ECHO (TX),ECHO_TXR1504YU,TXR1504YU,Construction Stormwater NOI (1+ acre),2026-08-01,Zack Burkett Co.,,,,"SH 6 FROM 882 S OF US70, S TO KNOX C/L","CROWELL, TX",TX155,79227,TX,Site: TXDOT CHS SH6 009803037,,,
EPA ECHO (TX),ECHO_TXR1511YY,TXR1511YY,Construction Stormwater NOI (1+ acre),2026-08-01,Texas Department of Transportation,,,,LAMAR COUNTY FM 2820 FROM FM 79 TO FM 38,"PARIS, TX",TX277,75460,TX,Site: TXDOT - PAR - CSJ 2993-01-011,,,
EPA ECHO (TX),ECHO_TXR1541YT,TXR1541YT,Construction Stormwater NOI (1+ acre),2026-08-01,The Whiting-Turner Contracting Company,,,,5901 HERGOTZ LANE,"AUSTIN, TX",TX453,78742,TX,Site: PROJECT TOASTER - FACTORY 1 OFFSITE UTILITY RELOCATION,,,
EPA ECHO (TX),ECHO_TXR1582YV,TXR1582YV,Construction Stormwater NOI (1+ acre),2026-08-01,Joe Bland Construction LLC,,,,"NORTH OF LOHMANS SPUR,EAST OF LOHMANS CROSSING","LAKEWAY, TX",TX453,78734,TX,Site: TUSCAN VILLAGE PUD PHASE 2,,,
EPA ECHO (TX),ECHO_TXR1537YX,TXR1537YX,Construction Stormwater NOI (1+ acre),2026-08-01,"Jl Gray Construction, LLC",,,,APOGEE BLVD SOUTH OF SASSMAN RD INTERSECTION,"AUSTIN, TX",TX453,78747,TX,Site: EASTON PARK SOUTH HOLICK BLVD & APOGEE BLVD EXTS - PHASE 1,,,
EPA ECHO (TX),ECHO_TXR1507YV,TXR1507YV,Construction Stormwater NOI (1+ acre),2026-08-01,"J. H. Strain & Sons, Inc.",,,,FM 89 IN TAYLOR COUNTY FROM 1.219 MILES SOUTH OF E,"ABILENE, TX",TX441,79606,TX,Site: ABL CSJ 069901065 PROJECT STP 2026417HES,,,
EPA ECHO (TX),ECHO_TXR1548YX,TXR1548YX,Construction Stormwater NOI (1+ acre),2026-08-01,"Weekley Homes, LLC",,,,SOUTHWEST OF THE INTERSECTION OF CROSS BLUFF AND W,"BULVERDE, TX",TX091,78163,TX,Site: 31347 WILDCAT DRIVE,,,
EPA ECHO (TX),ECHO_TXR1526YU,TXR1526YU,Construction Stormwater NOI (1+ acre),2026-08-01,"Northtex Construction, LLC",,,,GET ON SAM HOUSTON TOLLWAY W. FOLLOW SAM HOUSTON T,"MONTGOMERY COUNTY, TX",TX339,77316,TX,Site: MAGNOLIA WOODS,,,
EPA ECHO (TX),ECHO_TXR1549YU,TXR1549YU,Construction Stormwater NOI (1+ acre),2026-08-01,"Tri Pointe Homes Texas, Inc.",,,,"APPROX. 1,350 YARDS NORTHWEST FROM THE INTERSECTIO","LEANDER, TX",TX491,78641,TX,Site: EDGEWOOD,,,
EPA ECHO (TX),ECHO_TXR1588YV,TXR1588YV,Construction Stormwater NOI (1+ acre),2026-08-01,Drake General Contractors Llc,,,,"EAST OF FM 824, SOUTH OF HWY 82, WEST OF CR 22900","FANNIN AND LAMAR COUNTIES, TX",TX277,75470,TX,Site: BUG TUSSLE WIND FARM,,,
EPA ECHO (TX),ECHO_TXR1550YW,TXR1550YW,Construction Stormwater NOI (1+ acre),2026-08-01,El Paso Electric Company,,,,"31.754702, -106.231642","EL PASO, TX",TX141,79928,TX,Site: WINDERMERE SUBSTATION,,,
EPA ECHO (TX),ECHO_TXR1501YW,TXR1501YW,Construction Stormwater NOI (1+ acre),2026-08-01,"Cgc General Contractors, Inc.",,,,1226 NW 18TH ST,"SAN ANTONIO, TX",TX029,78207,TX,Site: CITY OF SAN ANTONIO DISTRICT 1 PARKS & MULTIGENERA,,,
EPA ECHO (TX),ECHO_TXR1507YW,TXR1507YW,Construction Stormwater NOI (1+ acre),2026-08-01,"Mycon General Contractors, Inc.",,,,NORTHWEST OF THE INTERSECTION OF US HIGHWAY 380 &,"PRINCETON, TX",TX085,75407,TX,Site: PRINCETON TOWN CENTER,,,
EPA ECHO (TX),ECHO_TXR1557YT,TXR1557YT,Construction Stormwater NOI (1+ acre),2026-08-01,"Lennar Homes of Texas Land and Construction, Ltd.",,,,NORTHWEST OF THE INTERSECTION OF MILLER ROAD AND F,"SAN ANTONIO, TX",TX029,78124,TX,Site: LILY TRAILS - OFFSITE,,,
EPA ECHO (TX),ECHO_TXR1537YT,TXR1537YT,Construction Stormwater NOI (1+ acre),2026-08-01,Oakhaven Construction LLC,,,,BOUNDED ON THE EAST BY MYKAWA RD AND SOUTH BY SIMS,"HOUSTON, TX",TX201,77033,TX,Site: FIRST TEE,,,
EPA ECHO (TX),ECHO_TXR1505YY,TXR1505YY,Construction Stormwater NOI (1+ acre),2026-08-01,Experts Underground Solutions LLC,,,,29916 FM 1093,"FULSHEAR, TX",TX157,77441,TX,Site: KATY-FULSHEAR LIFT STATION EXPANSION & FORCEMAIN,,,
EPA ECHO (TX),ECHO_TXR1547YT,TXR1547YT,Construction Stormwater NOI (1+ acre),2026-08-01,Southern Proper Homes LLC,,,,"104 LA RAMBLA CT. SOUTHLAKE, TX 76092","SOUTHLAKE, TX",TX439,76092,TX,Site: 104 LA RAMBLA,,,
EPA ECHO (TX),ECHO_TXR1539YX,TXR1539YX,Construction Stormwater NOI (1+ acre),2026-08-01,Subterra Services Enterprises LLC,,,,APPROXIMATELY 0.35 MILES SOUTH OF THE INTERSECTION,"FULSHEAR, TX",TX157,77441,TX,Site: FULSHEAR LAKES LAKESIDE PARK SECTION 7,,,
EPA ECHO (TX),ECHO_TXR1585YW,TXR1585YW,Construction Stormwater NOI (1+ acre),2026-08-01,City Public Service Energy,,,,SE OF LOOKOUT RD & N LOOP 1604 E,"SAN ANTONIO, TX",TX029,78233,TX,Site: GILLMAN ACURA,,,
EPA ECHO (TX),ECHO_TXR1518YV,TXR1518YV,Construction Stormwater NOI (1+ acre),2026-08-01,"Meritage Homes of Texas, LLC",,,,SITE IS LOCATED APPROXIMATELY 0.5 MILES NORTHEAST,"SAN ANTONIO, TX",TX029,78245,TX,Site: REMINGTON RANCH UNIT 7,,,
EPA ECHO (TX),ECHO_TXR1523YW,TXR1523YW,Construction Stormwater NOI (1+ acre),2026-08-01,"Jimmy Closner & Sons Construction Co., Inc.",,,,WEST END OF JCS INDUSTRIAL DRIVE,"BROWNSVILLE, TX",TX061,78526,TX,Site: RIO GRANDE ESTATES SUBDIVISION PHASE 2,,,
EPA ECHO (TX),ECHO_TXR1533YX,TXR1533YX,Construction Stormwater NOI (1+ acre),2026-08-01,"Deal-2-Deal, LLC",,,,TAKE I-10 EAST TO EXIT 11 MESA STREET. TURN RIGHT,"EL PASO, TX",TX141,79911,TX,Site: CIMARRON CANYON UNIT SEVEN,,,
EPA ECHO (TX),ECHO_TXR1526YX,TXR1526YX,Construction Stormwater NOI (1+ acre),2026-08-01,Atmos Energy Corporation,,,,SOUTHEAST OF DOVE RANCH RD & OWL CREEK FARM LN,"LEANDER, TX",TX491,78628,TX,Site: LIVELY TRACT PHS 6,,,
EPA ECHO (TX),ECHO_TXR1543YW,TXR1543YW,Construction Stormwater NOI (1+ acre),2026-08-01,"Pmb Capital Investments, LP",,,,SOUTHWEST OF ALEDO ROAD & MARKUM RANCH ROAD EAST,"FORT WORTH, TX",TX439,76126,TX,Site: VENTANA WEST WSIV 24 INCH WL,,,
EPA ECHO (TX),ECHO_TXR1538YW,TXR1538YW,Construction Stormwater NOI (1+ acre),2026-08-01,"Lennar Homes of Texas Land and Construction, Ltd.",,,,0.2 MILES N INTERSECTION OF MAIN ST & FRONTIER PKW,"DENTON, TX",TX121,76227,TX,Site: PALOMINO - HOME BUILDING,,,
EPA ECHO (TX),ECHO_TXR1590YV,TXR1590YV,Construction Stormwater NOI (1+ acre),2026-08-01,MONTGOMERY ESTATES LLC,,,,LOCATED APPROXIMATELY 0.4 MILES SOUTH OF THE INTER,"COVE, TX",TX071,77532,TX,Site: MONTGOMERY ESTATES PH 1 CLEARING & GRUBBING,,,
EPA ECHO (TX),ECHO_TXR1528YV,TXR1528YV,Construction Stormwater NOI (1+ acre),2026-08-01,"204 Texas, LLC",,,,636 E RIVERSIDE DR,"BASTROP, TX",TX021,78602-7208,TX,Site: PINE FOREST GOLF COURSE,,,
EPA ECHO (TX),ECHO_TXR1571YT,TXR1571YT,Construction Stormwater NOI (1+ acre),2026-08-01,Atmos Energy Corporation,,,,NORTHWEST OF SOUTH LANCASTER RD & EAST WHEATLAND R,"DALLAS, TX",TX113,75241,TX,Site: UNIVERSITY HILLS ONSITE MAIN EXTENSION,,,
EPA ECHO (TX),ECHO_TXR1551YX,TXR1551YX,Construction Stormwater NOI (1+ acre),2026-08-01,"Tellepsen Builders, L.P.",,,,14421 SOMMERMEYER ST,"HOUSTON, TX",TX201,77041-6206,TX,Site: NORTH WEST TRANSFER STATION,,,
EPA ECHO (TX),ECHO_TXR1596YW,TXR1596YW,Construction Stormwater NOI (1+ acre),2026-08-01,"RPM xConstruction, LLC",,,,900 FEET NORTH OF BEAR PAW LN AND MCMILLEN RD,"WYLIE, TX",TX085,75098,TX,Site: CONCRETE BATCH PLANT SUPPORTING COUNTRY CLUB ESTAT,,,
EPA ECHO (TX),ECHO_TXR1501YY,TXR1501YY,Construction Stormwater NOI (1+ acre),2026-08-01,"Liberty Civil Construction, LLC",,,,HOLLYHOCK RD & DAHLIA DR,"UHLAND, TX",TX209,78640,TX,Site: MARIGOLD - PHASE 3 - LD,,,
EPA ECHO (TX),ECHO_TXR1505YU,TXR1505YU,Construction Stormwater NOI (1+ acre),2026-08-01,City Public Service Energy,,,,SW OF GARDNER RD & BURSHARD RD,"SAN ANTONIO, TX",TX029,78222,TX,Site: NORTHLAKE PHASE 12,,,
EPA ECHO (TX),ECHO_TXR1518YX,TXR1518YX,Construction Stormwater NOI (1+ acre),2026-08-01,"3D Paving and Contracting, LLC",,,,"GOLD RUSH LN, BIG CANYON TRL, SAUSALITO DR, TURTLE","CARROLLTON, TX",TX113,75006,TX,Site: NOB HILL ADDITION SECTION 2,,,
EPA ECHO (TX),ECHO_TXR1517YT,TXR1517YT,Construction Stormwater NOI (1+ acre),2026-08-01,"Blazey Construction Services, Inc.",,,,FROM THE INTERSECTION OF W. CASTLE HARBOUR DR. & P,"FRIENDSWOOD, TX",TX167,77511,TX,Site: CITY OF FRIENDSWOOD 16INCH TRANSMISSION LINE,,,
EPA ECHO (TX),ECHO_TXR1501YX,TXR1501YX,Construction Stormwater NOI (1+ acre),2026-08-01,Durwood Greene Construction,,,,LOCATED AT THE INTERSECTION OF FM 646 AND FM 3346,"TEXAS CITY, TX",TX167,77539,TX,Site: LAKESIDE BAYOU SECTION 4,,,
EPA ECHO (TX),ECHO_TXR1581YT,TXR1581YT,Construction Stormwater NOI (1+ acre),2026-08-01,"Tri Pointe Homes Texas, Inc.",,,,APPROX. 750 YARDS EAST FROM THE INTERSECTION OF FM,"RICHMOND, TX",TX157,77406,TX,Site: EVERGROVE,,,
EPA ECHO (TX),ECHO_TXR1591YW,TXR1591YW,Construction Stormwater NOI (1+ acre),2026-08-01,"CW - Cagnon, LLC",,,,510 FEET WEST OF THE INTERSECTION OF MARBACH RD AN,"SAN ANTONIO, TX",TX029,78245,TX,Site: CHAMPIONS PARK NORTH,,,
EPA ECHO (TX),ECHO_TXR1542YV,TXR1542YV,Construction Stormwater NOI (1+ acre),2026-08-01,"Seneca Developers, Inc.",,,,SOUTHWEST OF THE INTERSECTION OF GRASS HILL DRIVE,"LEON VALLEY, TX",TX029,78238,TX,Site: SENECA TRAILS PHASE 2 AND OFFSITE IMPROVEMENTS,,,
EPA ECHO (TX),ECHO_TXR1543YV,TXR1543YV,Construction Stormwater NOI (1+ acre),2026-08-01,"Emj Construction, LLC",,,,1200 W TRAVIS ST,"SHERMAN, TX",TX181,75092,TX,Site: AAA COOPER TRANSPORTATION,,,
EPA ECHO (TX),ECHO_TXR1531YV,TXR1531YV,Construction Stormwater NOI (1+ acre),2026-08-01,Texas Department of Transportation,,,,SS 348 FROM LP 12 NB TO IH 35E NB DIRECT CONNECTOR,"DALLAS, TX",TX113,75220,TX,Site: TXDOT DAL 0581-02-156 SS 348,,,
EPA ECHO (TX),ECHO_TXR1565YV,TXR1565YV,Construction Stormwater NOI (1+ acre),2026-08-01,Turner Reed Energy LLC,,,,SOUTHWEST OF GREENLAWN BLVD & LOUIS HENNA BLVD,"ROUND ROCK, TX",TX453,78664,TX,Site: THE DISTRICT RRK ONSITE PHS 2,,,
EPA ECHO (TX),ECHO_TXR1594YU,TXR1594YU,Construction Stormwater NOI (1+ acre),2026-08-01,"Liberty Civil Construction, LLC",,,,SOUTHWEST OF FAYETTEVILLE DRIVE AND FURMAN DRIVE,"AUSTIN, TX",TX453,78747,TX,Site: CREEKSIDE PHASE 2,,,
EPA ECHO (TX),ECHO_TXR1567YT,TXR1567YT,Construction Stormwater NOI (1+ acre),2026-08-01,Durwood Greene Construction,,,,JOB IS LOCATED NORTHWEST OF THE INTERSECTION OF KN,"WALLER, TX",TX201,77484,TX,Site: ELLORA SECTION 1,,,
EPA ECHO (TX),ECHO_TXR1527YT,TXR1527YT,Construction Stormwater NOI (1+ acre),2026-08-01,Mega Contractors LLC,,,,NE OF JAGUAR PKWY & S ZARZAMORA ST,"SAN ANTONIO, TX",TX029,78224,TX,Site: LEGACY AT LA VIDA ENCLAVE,,,
EPA ECHO (TX),ECHO_TXR1589YX,TXR1589YX,Construction Stormwater NOI (1+ acre),2026-08-01,Castlerock Communities LLC,,,,CHASIN HEIGHTS UNIT 4- THE SITE IS LOCATED APPROXI,"CONVERSE, TX",TX029,78109,TX,Site: CASTLEROCK COMMUNITIES- CHASIN HEIGHTS UNIT 4,,,
EPA ECHO (TX),ECHO_TXR1506YX,TXR1506YX,Construction Stormwater NOI (1+ acre),2026-08-01,"Tricon Commercial Building Group, Ltd",,,,NW CORNER BONDS RANCH & HWY 156,"FORT WORTH, TX",TX439,76179,TX,Site: PANDA EXPRESS,,,
EPA ECHO (TX),ECHO_TXR1555YV,TXR1555YV,Construction Stormwater NOI (1+ acre),2026-08-01,Frontage Investments,,,,SW CORNER OF COUNTY RD 4017 & FM90,"MABANK, TX",TX257,75147,TX,Site: TRACTOR MOVING DIRT - LAND ID 4120,,,
EPA ECHO (TX),ECHO_TXR1523YU,TXR1523YU,Construction Stormwater NOI (1+ acre),2026-08-01,"Kieschnick General Contractors, Inc.",,,,"VARIOUS LOCATIONS ALONG OLD HEARNE RD, TX-OSR, SAN","BRYAN, TX",TX041,77807,TX,Site: WELLBORN SUD 2020 WELL COLLECTION AND TRANSMISSION,,,
EPA ECHO (TX),ECHO_TXR1580YT,TXR1580YT,Construction Stormwater NOI (1+ acre),2026-08-01,"Fulcrum Construction Tx, LLC",,,,1040 W CENTERVILLE RD,"GARLAND, TX",TX113,75041,TX,Site: JOE VS SMART SHOP,,,
EPA ECHO (TX),ECHO_TXR1547YV,TXR1547YV,Construction Stormwater NOI (1+ acre),2026-08-01,"Primoris Renewable Energy, Inc.",,,,2000 FABENS CARLSBAD CUTOFF RD,"FABENS, TX",TX141,79928,TX,Site: DESERT PINE BESS,,,
EPA ECHO (TX),ECHO_TXR1554YX,TXR1554YX,Construction Stormwater NOI (1+ acre),2026-08-01,Bryan C. Freelen,,,,"HWY 171, EAST OF CR 304 - 8001 S. HWY 171","GRANDVIEW, TX",TX251,76050,TX,Site: PARKER FLATS,,,
EPA ECHO (TX),ECHO_TXR1514YY,TXR1514YY,Construction Stormwater NOI (1+ acre),2026-08-01,Tejas Utilities LLC,,,,SOUTHEAST CORNER OF PLEASANT RIDGE WAY AND PGA PKW,"FRISCO, TX",TX085,75033,TX,Site: FAIRWAY PLAZA,,,
EPA ECHO (TX),ECHO_TXR1534YX,TXR1534YX,Construction Stormwater NOI (1+ acre),2026-08-01,Pmb Rvr Dev Co 1 LLC,,,,SOUTHEAST OF SHOREVIEW DRIVE & CHISOS COURT,"RHOME ETJ, TX",TX497,76078,TX,Site: LAKE ELOISE DAM IMPROVEMENTS,,,
EPA ECHO (TX),ECHO_TXR1520YU,TXR1520YU,Construction Stormwater NOI (1+ acre),2026-08-01,"Jl Gray Construction, LLC",,,,SOUTHEAST OF THE INTERSECTION OF BORCHERT LOOP AND,"LOCKHART, TX",TX055,78644,TX,Site: JUNIPER SPRINGS PHASE 8,,,
EPA ECHO (TX),ECHO_TXR1503YX,TXR1503YX,Construction Stormwater NOI (1+ acre),2026-08-01,A&S Underground LLC,,,,ARMSTRONG ROAD AND GOOSENECK ROAD,"SALADO, TX",TX027,76571,TX,Site: JSWSC ARMSTRONG ROAD WATERLINE IMPROVEMENTS,,,
EPA ECHO (TX),ECHO_TXR1516YT,TXR1516YT,Construction Stormwater NOI (1+ acre),2026-08-01,"Precise Services, Inc.",,,,"GANDERWOOD & OLIVEWOOD DRIVE, VARIOUS STREETS IN C","HOUSTON, TX",TX201,77089,TX,Site: MAINTENANCE-BS2N CLEAR BROOK CITY-2024,,,
EPA ECHO (TX),ECHO_TXR1554YU,TXR1554YU,Construction Stormwater NOI (1+ acre),2026-08-01,"Forney Construction, LLC",,,,4500 MEMORIAL DR,"HOUSTON, TX",TX201,77007-7332,TX,Site: ST THOMAS HIGH SCHOOL JOPLIN CAMPUS,,,
EPA ECHO (TX),ECHO_TXR1590YT,TXR1590YT,Construction Stormwater NOI (1+ acre),2026-08-01,"Lone Star Recreation of Texas, LLC",,,,BOUNDED SOUTH BY TOP GOLF BLVD AND BOUNDED WEST BY,"BRYAN, TX",TX041,77801,TX,Site: MIDTOWN LEGACY PARK,,,
EPA ECHO (TX),ECHO_TXR1540YV,TXR1540YV,Construction Stormwater NOI (1+ acre),2026-08-01,"Universal Injections, Inc.",,,,SITE IS LOCATED APPROXIMATELY 0.75 MILES NORTHWEST,"TEMPLE, TX",TX027,76501,TX,Site: NORTH CREEK,,,
EPA ECHO (TX),ECHO_TXR1551YT,TXR1551YT,Construction Stormwater NOI (1+ acre),2026-08-01,"Architectural Restoration, LLC",,,,3050 MIDDLEFIELD RD,"DALLAS, TX",TX113,75253-2101,TX,Site: MIDDLEFIELD FARMS PASTURE,,,
EPA ECHO (TX),ECHO_TXR1593YU,TXR1593YU,Construction Stormwater NOI (1+ acre),2026-08-01,Denbow Company Inc.,,,,"THE PROJECT SERIES INCLUDES THE BRIGGS OFFSITE, LO","GEORGETOWN, TX",TX491,78626,TX,Site: NELSON BRIGGS SERIES,,,
EPA ECHO (TX),ECHO_TXR1544YU,TXR1544YU,Construction Stormwater NOI (1+ acre),2026-08-01,"D.L. Meacham, L.P.",,,,RIVERSIDE GROVE TO ROCK VALLEY DRIVE ALONG WEST KE,"HOUSTON, TX",TX157,77083,TX,Site: WEST KEEGANS DRAINAGE IMPROVEMENTS-JOB 3928-23002,,,
EPA ECHO (TX),ECHO_TXR1552YX,TXR1552YX,Construction Stormwater NOI (1+ acre),2026-08-01,Minor Construction Inc.,,,,"I-35 TO HEWITT, LEFT ON PANTHER WAY, RIGHT INTO CH","WACO, TX",TX309,76712,TX,Site: CHAPEL RIDGE,,,
EPA ECHO (TX),ECHO_TXR1564YW,TXR1564YW,Construction Stormwater NOI (1+ acre),2026-08-01,Tai  Dang,,,,LOCATED NEAR THE WESTERN END OF BAMBOO ROAD,"BIG SANDY, TX",TX459,75755,TX,Site: TAI DANG FARM,,,
EPA ECHO (TX),ECHO_TXR1508YT,TXR1508YT,Construction Stormwater NOI (1+ acre),2026-08-01,"LGI HOMES-TEXAS, LLC",,,,NORTHWEST OF PARK MEADOWS DRIVE & FM 1778,"COPEVILLE, TX",TX085,75442,TX,Site: MONTGOMERY FARMS - FORCE MAIN,,,
EPA ECHO (TX),ECHO_TXR1549YW,TXR1549YW,Construction Stormwater NOI (1+ acre),2026-08-01,"C.C Carlton Industries, LLC",,,,17100 BLOCK HAMILTON POOL RD.,"BEE CAVE, TX",TX453,78738,TX,Site: PROVENCE PHASE 2 SECTION 1 2 & 3,,,
EPA ECHO (TX),ECHO_TXR1552YW,TXR1552YW,Construction Stormwater NOI (1+ acre),2026-08-01,N&D Developments LLC,,,,7337 TALLEY RD,"SAN ANTONIO, TX",TX029,78253,TX,Site: OLD TALLEY UNIT 5 ENCLAVE,,,
EPA ECHO (TX),ECHO_TXR1526YT,TXR1526YT,Construction Stormwater NOI (1+ acre),2026-08-01,"Yc Partners, LLC",,,,NORTH OF THE INTERSECTION OF HUBER RD AND RUDELOFF,"SEGUIN, TX",TX187,78155,TX,Site: WALNUT BRANCH SUBDIVISION UNIT 6A & 6B,,,
EPA ECHO (TX),ECHO_TXR1596YX,TXR1596YX,Construction Stormwater NOI (1+ acre),2026-08-01,"Angler Construction, LLC",,,,SOUTH SIDE OF ZAVALLA ROAD AT ITS INTERSECTION WIT,"HOUSTON, TX",TX157,77489,TX,Site: ZAVALLA ST INDUSTRIAL,,,
EPA ECHO (TX),ECHO_TXR1568YU,TXR1568YU,Construction Stormwater NOI (1+ acre),2026-08-01,"Gfo Home, LLC",,,,THATCHER RD AND ROSLIN RD,"FORT WORTH, TX",TX439,76052,TX,Site: WELLINGTON - HOME BUILDING,,,
EPA ECHO (TX),ECHO_TXR1550YV,TXR1550YV,Construction Stormwater NOI (1+ acre),2026-08-01,"Rsd Site Development, LLC",,,,12016 W. ADAMS AVENUE - EAGLE LANDING DRIVE AND WE,"TEMPLE, TX",TX027,76502,TX,Site: ARBOR SQUARE ADDITION,,,
EPA ECHO (TX),ECHO_TXR1592YW,TXR1592YW,Construction Stormwater NOI (1+ acre),2026-08-01,"Austin Commercial, LP",,,,US HWY 380 & MAHARD PKWY.,"PROSPER, TX",TX085,75078,TX,Site: THR PROSPER PARKING MODIFICATIONS,,,
EPA ECHO (TX),ECHO_TXR1566YW,TXR1566YW,Construction Stormwater NOI (1+ acre),2026-08-01,"Jmy Jr 1346, LLC",,,,WEST OF THE INTERSECTION OF DABBLING ROAD AND POCH,"ADKINS, TX",TX029,78101,TX,Site: RANDOLPH LANDING,,,
EPA ECHO (TX),ECHO_TXR1573YX,TXR1573YX,Construction Stormwater NOI (1+ acre),2026-08-01,"SLOTT CONSTRUCTION COMPANY, INC.",,,,SITE IS LOCATED AT FM 2296 AND PINE RIDGE ROAD,"NEW WAVERLY, TX",TX471,77358,TX,Site: LEGACY GRAND RANCH,,,
EPA ECHO (TX),ECHO_TXR1540YW,TXR1540YW,Construction Stormwater NOI (1+ acre),2026-08-01,FCL BUILDERS LLC,,,,SITE IS LOCATED APPROXIMATELY 0.4 MILES SOUTH OF T,"DALLAS, TX",TX113,75241,TX,Site: BONNIE VIEW INDUSTRIAL,,,
EPA ECHO (TX),ECHO_TXR1599YV,TXR1599YV,Construction Stormwater NOI (1+ acre),2026-08-01,"Reytec Construction Resources, Inc.",,,,501 NILE DR,"CORPUS CHRISTI, TX",TX355,78412,TX,Site: CITY OF CC RECLAIMED WATER FOR INDUSTRIAL REUSE,,,
EPA ECHO (TX),ECHO_TXR1576YT,TXR1576YT,Construction Stormwater NOI (1+ acre),2026-08-01,"Tellepsen Builders, L.P.",,,,1200 N AMBURN RD,"TEXAS CITY, TX",TX167,77591-2435,TX,Site: COM- NEW COLLEGE SERVICE BUILDING,,,
EPA ECHO (TX),ECHO_TXR1515YT,TXR1515YT,Construction Stormwater NOI (1+ acre),2026-08-01,"Primoris T&D Services, LLC",,,,NORTHWEST OF SOUTH LANCASTER RD & EAST WHEATLAND R,"DALLAS, TX",TX113,75241,TX,Site: UNIVERSITY HILLS ONSITE MAIN EXTENSION,,,
EPA ECHO (TX),ECHO_TXR1564YT,TXR1564YT,Construction Stormwater NOI (1+ acre),2026-08-01,"Mike Becknal & Co., Inc.",,,,4006 150TH ST,"LUBBOCK, TX",TX303,79423,TX,Site: MIKE BECKNAL & CO INC SEDONA,,,
EPA ECHO (TX),ECHO_TXR1590YW,TXR1590YW,Construction Stormwater NOI (1+ acre),2026-08-01,Chris Harp Construction Limited Liability Company,,,,COLLIN CREEK PKWY AND ASH RD,"PLANO, TX",TX085,75075,TX,Site: PAVING OPERATIONS FOR COLLIN CREEK,,,
EPA ECHO (TX),ECHO_TXR1589YT,TXR1589YT,Construction Stormwater NOI (1+ acre),2026-08-01,"NOBLE TEXAS BUILDERS, LLC",,,,1400 FM 511,"BROWNSVILLE, TX",TX061,78526,TX,Site: CITY OF BROWNSVILLE PUBLIC SAFETY COMPLEX,,,
EPA ECHO (TX),ECHO_TXR1568YV,TXR1568YV,Construction Stormwater NOI (1+ acre),2026-08-01,"Oft Enterprises, Inc.",,,,1.4 MILES NORTH OF THE INTERSECTION OF TEXAS 6 FRO,"BRYAN, TX",TX041,77802,TX,Site: SHOPS AT CARTERS CREEK - PHASE ONE,,,
EPA ECHO (TX),ECHO_TXR1583YV,TXR1583YV,Construction Stormwater NOI (1+ acre),2026-08-01,"Drb Group Texas, LLC",,,,SW OF COUNTY LINE RD. AND FM 1100,"ELGIN, TX",TX453,78621,TX,Site: BRIARWOOD,,,
EPA ECHO (TX),ECHO_TXR1591YU,TXR1591YU,Construction Stormwater NOI (1+ acre),2026-08-01,"Midkiff Holdings, LLC",,,,WEST OF COUNTY ROAD 2617 & COUNTY ROAD 2626,"CADDO MILLS, TX",TX231,75135,TX,Site: PRESERVE AT BRUSHY CREEK PH 1,,,
EPA ECHO (TX),ECHO_TXR1523YT,TXR1523YT,Construction Stormwater NOI (1+ acre),2026-08-01,"K Construction, LLC",,,,NORTHWEST OF PARK MEADOWS DRIVE & FM 1778,"COPEVILLE, TX",TX085,75442,TX,Site: MONTGOMERY FARMS - FORCE MAIN,,,
EPA ECHO (TX),ECHO_TXR1593YX,TXR1593YX,Construction Stormwater NOI (1+ acre),2026-08-01,"Primoris Renewable Energy, Inc.",,,,2000 FABENS CARLSBAD CUTOFF RD,"FABENS, TX",TX141,79928,TX,Site: DESERT PINE SOLAR,,,
EPA ECHO (TX),ECHO_TXR1537YV,TXR1537YV,Construction Stormwater NOI (1+ acre),2026-08-01,Texas Department of Transportation,,,,"SH 36 IN CALLAHAN COUNTY, FROM CR 479 TO CR 459, E","BAIRD, TX",TX059,79504,TX,Site: ABL CSJ 018103029 PROJECT F 2026503,,,
EPA ECHO (TX),ECHO_TXR1580YX,TXR1580YX,Construction Stormwater NOI (1+ acre),2026-08-01,SLATE CONSTRUCTION LLC,,,,32931 US 90,"BROOKSHIRE, TX",TX473,77423,TX,Site: NINETY WEST INDUSTRIAL DEVELOPMENT,,,
EPA ECHO (TX),ECHO_TXR1522YT,TXR1522YT,Construction Stormwater NOI (1+ acre),2026-08-01,"Lee Lewis Construction, Inc.",,,,SOUTHWEST OF LAMPE COURT & CHAPMAN ROAD,"WATAUGA, TX",TX439,76148,TX,Site: GRACE HARDEMAN ES,,,
EPA ECHO (TX),ECHO_TXR1557YX,TXR1557YX,Construction Stormwater NOI (1+ acre),2026-08-01,"Providential Custom Homes, LLC",,,,EAST OF PARK AVENUE AND N MAIN STREET,"KELLER, TX",TX439,76248,TX,Site: GREENWAY PARK,,,
EPA ECHO (TX),ECHO_TXR1507YT,TXR1507YT,Construction Stormwater NOI (1+ acre),2026-08-01,"ZTex Construction, Inc.",,,,451 VIN RAMBLA,"EL PASO, TX",TX141,79912,TX,Site: SUNCREST APARTMENTS,,,
EPA ECHO (TX),ECHO_TXR1578YV,TXR1578YV,Construction Stormwater NOI (1+ acre),2026-08-01,"Century Land Holdings II, LLC",,,,LOCATED IN THE EXISTING CROSSWINDS SUBDIVISION IN,"KYLE, TX",TX209,78640,TX,Site: CROSSWINDS SUBDIVISION PHASE 6B,,,
EPA ECHO (TX),ECHO_TXR1532YT,TXR1532YT,Construction Stormwater NOI (1+ acre),2026-08-01,SAM'S REAL ESTATE BUSINESS TRUST,,,,SOUTHEAST CORNER AT GROVE CREEK RD AND US 77,"WAXAHACHIE, TX",TX139,75165,TX,Site: SAMS CLUB 4858,,,
EPA ECHO (TX),ECHO_TXR1559YT,TXR1559YT,Construction Stormwater NOI (1+ acre),2026-08-01,"Watermark Commercial Contractors, LLC",,,,LOCATED AT THE SOUTHWEST CORNER OF THE INTERSECTIO,"SAN ANTONIO, TX",TX029,78227,TX,Site: HERITAGE ESTATES AT MEDINA,,,
EPA ECHO (TX),ECHO_TXR1594YX,TXR1594YX,Construction Stormwater NOI (1+ acre),2026-08-01,"Mycon General Contractors, Inc.",,,,5900 PRESTON RD,"PLANO, TX",TX085,75093,TX,Site: PROMONTORY RETAIL,,,
EPA ECHO (TX),ECHO_TXR1569YV,TXR1569YV,Construction Stormwater NOI (1+ acre),2026-08-01,"The Struthoff Company, Inc.",,,,1851 N 1ST ST,"COPPERAS COVE, TX",TX099,76522,TX,Site: MCDONALDS 042-3825,,,
EPA ECHO (TX),ECHO_TXR1591YV,TXR1591YV,Construction Stormwater NOI (1+ acre),2026-08-01,Theta Group Construction LLC,,,,4343 SCHLIPF RD,"KATY, TX",TX473,77493,TX,Site: KATY FIELDS BUSINESS PARK,,,
EPA ECHO (TX),ECHO_TXR1587YU,TXR1587YU,Construction Stormwater NOI (1+ acre),2026-08-01,Burton Construction Co.,,,,2651 LEAH AVENUE,"SAN MARCOS, TX",TX209,78666,TX,Site: LEAH AVENUE,,,
EPA ECHO (TX),ECHO_TXR1527YX,TXR1527YX,Construction Stormwater NOI (1+ acre),2026-08-01,Turner Reed Energy LLC,,,,SOUTHEAST OF DOVE RANCH RD & OWL CREEK FARM LN,"LEANDER, TX",TX491,78628,TX,Site: LIVELY TRACT PHS 6,,,
EPA ECHO (TX),ECHO_TXR1580YW,TXR1580YW,Construction Stormwater NOI (1+ acre),2026-08-01,"Mycon General Contractors, Inc.",,,,2113 YUCCA FLOWER PLACE,"CELINA, TX",TX085,75009,TX,Site: PUBLIC STORAGE SHAWNEE TRAIL,,,
EPA ECHO (TX),ECHO_TXR1508YW,TXR1508YW,Construction Stormwater NOI (1+ acre),2026-08-01,"Curescu Contracting Group, LLC",,,,1 MILE NORTH OF CROSS MOUNTAIN RD AT SCENIC LOOP R,"SAN ANTONIO, TX",TX029,78255,TX,Site: CANYONS AT SCENIC LOOP,,,
EPA ECHO (TX),ECHO_TXR1597YT,TXR1597YT,Construction Stormwater NOI (1+ acre),2026-08-01,"J. Lee Milligan, Inc.",,,,ON US 385 FROM NORTHERN HARTLEY CITY LIMITS TO DEA,"CHANNING, TX",TX205,79018,TX,Site: AMA 0041-02-020,,,
EPA ECHO (TX),ECHO_TXR1588YT,TXR1588YT,Construction Stormwater NOI (1+ acre),2026-08-01,Westwood Residential Builders 85 LP,,,,NORTHWEST CORNER OF CENTER LAKE DR AND MCCALLEN PA,"AUSTIN, TX",TX453,78753,TX,Site: COLE PARK APARTMENTS,,,
EPA ECHO (TX),ECHO_TXR1579YT,TXR1579YT,Construction Stormwater NOI (1+ acre),2026-08-01,"Takco, Inc.",,,,W FAIRMONT PARKWAY AND GENOA RED BLUFF ROAD,"PASADENA, TX",TX201,77507,TX,Site: GENOA RED BLUFF STORMWATER DETENTION BASIN PHASE 2,,,
EPA ECHO (TX),ECHO_TXR1597YU,TXR1597YU,Construction Stormwater NOI (1+ acre),2026-08-01,Texas Department of Transportation,,,,"FM 1082 JONES CO, REF MARK 412-0.698, STA 100 PLUS","HAWLEY, TX",TX253,79512,TX,Site: ABL CSJ 097502023 PROJECT STP 2026352HES,,,
EPA ECHO (TX),ECHO_TXR1517YY,TXR1517YY,Construction Stormwater NOI (1+ acre),2026-08-01,Morgan Prl Construction LLC,,,,1101 W ROYAL LANE,"IRVING, TX",TX113,75039,TX,Site: MORGAN PEARL LANDING,,,
EPA ECHO (TX),ECHO_TXR1553YW,TXR1553YW,Construction Stormwater NOI (1+ acre),2026-08-01,"La Victoria Concrete, LLC",,,,5091 US HWY 281,"MERCEDES, TX",TX215,78570,TX,Site: LA VICTORIA CONCRETE,,,
EPA ECHO (TX),ECHO_TXR1515YY,TXR1515YY,Construction Stormwater NOI (1+ acre),2026-08-01,Flying V Enterprises LLC,,,,SITE IS LOCATED AT THE SOUTHEAST CORNER OF THE INT,"ABILENE, TX",TX441,79602,TX,Site: MAPLE LEGACY,,,
EPA ECHO (TX),ECHO_TXR1580YV,TXR1580YV,Construction Stormwater NOI (1+ acre),2026-08-01,"Collier Construction, LLC",,,,9814 KIBLER STREET,"ORCHARD, TX",TX157,77464,TX,Site: BRAZOS ISD PROP A RENOVATIONS & ADDITIONS ES,,,
EPA ECHO (TX),ECHO_TXR1566YT,TXR1566YT,Construction Stormwater NOI (1+ acre),2026-08-01,Central Builders,,,,11446 POTRANCO RD,"SAN ANTONIO, TX",TX029,78253-6707,TX,Site: DOVE CREEK CRUNCH FITNESS,,,
EPA ECHO (TX),ECHO_TXR1559YU,TXR1559YU,Construction Stormwater NOI (1+ acre),2026-08-01,"Xpert Design And Construction, LLC",,,,2005 CRYSTAL RIVER PKWY,"SAN MARCOS, TX",TX209,78666,TX,Site: RIVERSTONE APARTMENTS,,,
EPA ECHO (TX),ECHO_TXR1558YU,TXR1558YU,Construction Stormwater NOI (1+ acre),2026-08-01,"Kingham Dalton Wilson, Ltd.",,,,12520 HARRIS BRANCH PARKWAY,"AUSTIN, TX",TX453,78754,TX,Site: HYE HARRIS BRANCH,,,
EPA ECHO (TX),ECHO_TXR1560YU,TXR1560YU,Construction Stormwater NOI (1+ acre),2026-08-01,"Nordhausen Utility Construction, LLC",,,,SE CORNER OF THE INTERSECTION OF N TAYLOR RD AND W,"MCALLEN, TX",TX215,78504,TX,Site: VISTA PALOMA,,,
EPA ECHO (TX),ECHO_TXR1568YX,TXR1568YX,Construction Stormwater NOI (1+ acre),2026-08-01,Excell Paving Solutions LLC,,,,OLD HWY 105 E. & FAULKNER RD.,"CLEVELAND, TX",TX339,77328,TX,Site: FAULKNER ROAD,,,
EPA ECHO (TX),ECHO_TXR1513YU,TXR1513YU,Construction Stormwater NOI (1+ acre),2026-08-01,Rvision Homes Ltd,,,,254 HEARTLAND RD,"NEW WAVERLY, TX",TX471,77358,TX,Site: RVISION HOMES,,,
EPA ECHO (TX),ECHO_TXR1532YU,TXR1532YU,Construction Stormwater NOI (1+ acre),2026-08-01,"D.R. Horton - Texas, Ltd.",,,,FM 360 & MILO FARMS LANE,"ROSENBERG, TX",TX157,77471,TX,Site: MILO FARMS SEC 1 2 3,,,
EPA ECHO (TX),ECHO_TXR1521YT,TXR1521YT,Construction Stormwater NOI (1+ acre),2026-08-01,Apd Construction LLC,,,,"27.696787, -97.382888","CORPUS CHRISTI, TX",TX355,78413,TX,Site: ST ANDREWS PARK,,,
EPA ECHO (TX),ECHO_TXR1503YU,TXR1503YU,Construction Stormwater NOI (1+ acre),2026-08-01,4Pro Construction LLC,,,,NEC OF N. WARE ROAD AND AUBURN AVE. TRENTON RD. IN,"MCALLEN, TX",TX215,78504,TX,Site: VILLAS AT TRENTON,,,
EPA ECHO (TX),ECHO_TXR1514YU,TXR1514YU,Construction Stormwater NOI (1+ acre),2026-08-01,Starlight Homes Texas L.L.C.,,,,"APPROX 1,800 YARDS NORTHEAST FROM THE INTERSECTION","HEMPSTEAD, TX",TX473,77445,TX,Site: SWEETWATER RANCH,,,
EPA ECHO (TX),ECHO_TXR1571YX,TXR1571YX,Construction Stormwater NOI (1+ acre),2026-08-01,"5J Services, LLC",,,,E OF FM 723 W OF HOLMES RD N OF CAROLYN LN & S OF,"RICHMOND, TX",TX157,77406,TX,Site: EVERGROVE,,,
EPA ECHO (TX),ECHO_TXR1539YU,TXR1539YU,Construction Stormwater NOI (1+ acre),2026-08-01,"E. E. Reed Construction, L.P.",,,,23900 KATY FWY,"KATY, TX",TX201,77494-1323,TX,Site: MH KATY EXPANSION - NORTH PARKING LOT,,,
EPA ECHO (TX),ECHO_TXR1594YV,TXR1594YV,Construction Stormwater NOI (1+ acre),2026-08-01,"Rogers-O'Brien Construction Company, LLC",,,,409 MASON ROAD,"WILMER, TX",TX113,75172,TX,Site: QTS DFW DC5,,,
EPA ECHO (TX),ECHO_TXR1556YX,TXR1556YX,Construction Stormwater NOI (1+ acre),2026-08-01,Palo Verde Homes,,,,SOUTH OF EDGEMERE BOULEVARD AND EAST OF TIM FLOYD,"EL PASO, TX",TX141,79938,TX,Site: TIERRA DEL ESTE UNIT NINETY TWO,,,
EPA ECHO (TX),ECHO_TXR1588YX,TXR1588YX,Construction Stormwater NOI (1+ acre),2026-08-01,EHT OF TEXAS LP,,,,WEST OF THE GRAND PARKWAY & JACK ROAD INTERSECTION,"CYPRESS, TX",TX201,77433,TX,Site: BRIDGELAND - HOME BUILDING,,,
EPA ECHO (TX),ECHO_TXR1510YW,TXR1510YW,Construction Stormwater NOI (1+ acre),2026-08-01,"D & D Contractors, Inc.",,,,"ALONG I-410 ACCESS ROAD TO PEGGY DRIVE, FROM I-10","SAN ANTONIO, TX",TX029,78219,TX,Site: PEGGY DRIVE,,,
EPA ECHO (TX),ECHO_TXR1523YV,TXR1523YV,Construction Stormwater NOI (1+ acre),2026-08-01,"Enchanted Rock, LLC",,,,OFF OF GATEWAY N. BLVD. AND STATE LINE DR.,"EL PASO, TX",TX141,79924,TX,Site: MCCLOUD POWER STATION,,,
EPA ECHO (TX),ECHO_TXR1566YV,TXR1566YV,Construction Stormwater NOI (1+ acre),2026-08-01,"Hammett Excavation, Inc.",,,,476 FM 2875,"CHILDRESS, TX",TX075,79201,TX,Site: PROJECT ROADRUNNER,,,
EPA ECHO (TX),ECHO_TXR1546YT,TXR1546YT,Construction Stormwater NOI (1+ acre),2026-08-01,"Hba Design Build, LLC",,,,SOUTHEAST OF THE INTERSECTION OF PARK PLACE AND AS,"PROSPER, TX",TX085,75078,TX,Site: PARK PLACE PHASE 1 AMENITY CENTER,,,
EPA ECHO (TX),ECHO_TXR1573YV,TXR1573YV,Construction Stormwater NOI (1+ acre),2026-08-01,"Fehr's Metal Building Construction, LP",,,,3535 MURPHY STREET,"ODESSA, TX",TX135,79763,TX,Site: PACE FIELD SERVICES,,,
EPA ECHO (TX),ECHO_TXR1573YW,TXR1573YW,Construction Stormwater NOI (1+ acre),2026-08-01,"Triton Gc, LLC",,,,SOUTHEAST OF AIRPORT ROAD & NORTH JOHN KING BOULEV,"ROCKWALL, TX",TX397,75087,TX,Site: ROCKWALL FLEXSPACE CENTER PH 1,,,
EPA ECHO (TX),ECHO_TXR1577YU,TXR1577YU,Construction Stormwater NOI (1+ acre),2026-08-01,Texas Department of Transportation,,,,FROM SH 7 TO 2.55 MILES SOUTH OF SH 7---FM 2259,"NACOGDOCHES, TX",TX347,75963,TX,Site: TXDOT-LFK-2116-01-024,,,
EPA ECHO (TX),ECHO_TXR1563YV,TXR1563YV,Construction Stormwater NOI (1+ acre),2026-08-01,Atmos Energy Corporation,,,,SOUTHWEST OF GREENLAWN BLVD & LOUIS HENNA BLVD,"ROUND ROCK, TX",TX453,78664,TX,Site: THE DISTRICT RRK ONSITE PHS 2,,,
EPA ECHO (TX),ECHO_TXR1519YU,TXR1519YU,Construction Stormwater NOI (1+ acre),2026-08-01,The Soccer Lab LLC,,,,2020 N JACKSON ST,"JACKSONVILLE, TX",TX073,75766,TX,Site: THE GROUNDS,,,
EPA ECHO (TX),ECHO_TXR1544YX,TXR1544YX,Construction Stormwater NOI (1+ acre),2026-08-01,Crossland Construction Company INC.,,,,SOUTHEAST CORNER AT GROVE CREEK RD AND US 77,"WAXAHACHIE, TX",TX139,75165,TX,Site: SAMS CLUB 4858,,,
EPA ECHO (TX),ECHO_TXR1529YX,TXR1529YX,Construction Stormwater NOI (1+ acre),2026-08-01,"Pci Utilities, LLC",,,,SOUTHEAST OF FARM TO MARKET RD 720 & SPIRITAS RNCH,"LITTLE ELM, TX",TX121,75068,TX,Site: SPIRITAS RANCH PHS 2M,,,
EPA ECHO (TX),ECHO_TXR1552YU,TXR1552YU,Construction Stormwater NOI (1+ acre),2026-08-01,Atmos Energy Corporation,,,,SOUTHWEST SIDE OF THE N BONNIE BRAE ST / N ELM ST,"DENTON, TX",TX121,76207,TX,Site: N BONNIE BRAE ST & N ELM ST RELOCATION PROJECT,,,
EPA ECHO (TX),ECHO_TXR1569YU,TXR1569YU,Construction Stormwater NOI (1+ acre),2026-08-01,"White Tip Construction, LLC",,,,11827 SE LOOP 410,"SAN ANTONIO, TX",TX029,78221,TX,Site: ROOSEVELT HEIGHTS RETAIL,,,
EPA ECHO (TX),ECHO_TXR1551YV,TXR1551YV,Construction Stormwater NOI (1+ acre),2026-08-01,"Black Chamber Partners, LLC",,,,LOCATED OFF EARL CALLAHAN ROAD AND BENEATH WALTER,"CEDAR CREEK, TX",TX021,78612,TX,Site: BCG CEDAR CFREEK CAMPUS,,,
EPA ECHO (TX),ECHO_TXR1572YT,TXR1572YT,Construction Stormwater NOI (1+ acre),2026-08-01,"LEXTON CONSTRUCTION, LLC",,,,APPROX. 350 YARDS SOUTHEAST FROM THE INTERSECTION,"CONROE, TX",TX339,77304,TX,Site: SOUTH TERALYN HILLS DRIVE PHASE 1,,,
EPA ECHO (TX),ECHO_TXR1561YU,TXR1561YU,Construction Stormwater NOI (1+ acre),2026-08-01,White Construction Company,,,,230 BEAVER RD,"INGRAM, TX",TX265,78025-5005,TX,Site: BEAVER FALLS RV RESORT,,,
EPA ECHO (TX),ECHO_TXR1584YU,TXR1584YU,Construction Stormwater NOI (1+ acre),2026-08-01,"Ranger Excavating, L.P.",,,,NORTHEAST CORNER OF COUNTY ROAD 313 AND N IH-35 SE,"JARRELL, TX",TX491,76537,TX,Site: CR313 COMMERCIAL,,,
EPA ECHO (TX),ECHO_TXR1543YU,TXR1543YU,Construction Stormwater NOI (1+ acre),2026-08-01,"BRAZOS ELECTRIC POWER COOPERATIVE, INC.",,,,THE BRAZOS ELECTRIC MERRYMAN SUBSTATION IS PROPOSE,"HEARNE, TX",TX395,77859,TX,Site: MERRYMAN SUBSTATION,,,
EPA ECHO (TX),ECHO_TXR1545YX,TXR1545YX,Construction Stormwater NOI (1+ acre),2026-08-01,"KCK Utility Construction, Inc.",,,,SOUTHWEST OF SOUTH BEAUCHAMP BOULEVARD & COUNTY RO,"PRINCETON, TX",TX085,75407,TX,Site: WINDMORE PHASE 6,,,
EPA ECHO (TX),ECHO_TXR1533YU,TXR1533YU,Construction Stormwater NOI (1+ acre),2026-08-01,Atmos Energy Corporation,,,,INTERNATIONAL PKWY AND TERMINAL F,"DFW AIRPORT, TX",TX439,75261,TX,Site: DFW AIRPORT TERMINAL F MAIN INSTALLATION,,,
EPA ECHO (TX),ECHO_TXR1534YU,TXR1534YU,Construction Stormwater NOI (1+ acre),2026-08-01,JS WALTZ CONSTRUCTION LLC,,,,3816 STADIUM DR,"FORT WORTH, TX",TX439,76109,TX,Site: WP MCLEAN MIDDLE SCHOOL,,,
EPA ECHO (TX),ECHO_TXR1557YW,TXR1557YW,Construction Stormwater NOI (1+ acre),2026-08-01,"Lennar Homes of Texas Land and Construction, Ltd.",,,,S.H. 35 BY-PASS AND KENDALL LAKES BLVD,"ALVIN, TX",TX039,77511,TX,Site: KENDALL LAKES - HOME BUILDING,,,
EPA ECHO (TX),ECHO_TXR1545YU,TXR1545YU,Construction Stormwater NOI (1+ acre),2026-08-01,"Bcs Ranger Home Builders, LLC",,,,4211 ROCK PRAIRIE RD,"COLLEGE STATION, TX",TX041,77845,TX,Site: 4211 ROCK PRAIRIE RD,,,
EPA ECHO (TX),ECHO_TXR1555YW,TXR1555YW,Construction Stormwater NOI (1+ acre),2026-08-01,"Schwob Building Company, LLC",,,,W OF GATEWAY BLVD APPROX 3 MILES S OF DOY DR,"EL PASO, TX",TX141,79928,TX,Site: OLD DOMINION FREIGHT - NEW SERVICE CENTER - EL PAS,,,
EPA ECHO (TX),ECHO_TXR1551YU,TXR1551YU,Construction Stormwater NOI (1+ acre),2026-08-01,"Hunt Communities GP, LLC",,,,OFF OF CLARET CUP PLACE AND BREEZE ST.,"HORIZON CITY, TX",TX141,79928,TX,Site: RANCHO DESIERTO BELLO UNIT 18,,,
EPA ECHO (TX),ECHO_TXR1516YU,TXR1516YU,Construction Stormwater NOI (1+ acre),2026-08-01,"Dale Lowden Excavating, LLC",,,,LOCATED SOUTHEAST OF THE INTERSECTION OF LAVONDE D,"AUSTIN, TX",TX453,78738,TX,Site: THE HILLS AT PROVENCE,,,
EPA ECHO (TX),ECHO_TXR1563YW,TXR1563YW,Construction Stormwater NOI (1+ acre),2026-08-01,"SITTERLE HOMES, LTD.",,,,SOUTHWEST OF THE INTERSECTION OF COLARES WAY AND G,"SAN ANTONIO, TX",TX029,78620,TX,Site: KINDER GALE,,,
EPA ECHO (TX),ECHO_TXR1575YV,TXR1575YV,Construction Stormwater NOI (1+ acre),2026-08-01,"Hill & Wilkinson Construction Group, Ltd.",,,,320 ROARING SPRINGS RD,"WESTWORTH VILLAGE, TX",TX439,76114-4111,TX,Site: SHADY OAKS RENOVATION,,,
EPA ECHO (TX),ECHO_TXR1509YT,TXR1509YT,Construction Stormwater NOI (1+ acre),2026-08-01,Dynagrid Construction,,,,FM 1694 AND CO RD 48 ROBSTOWN,"ROBSTOWN, TX",TX355,78380,TX,Site: BEACON POINTE DATA CENTER,,,
EPA ECHO (TX),ECHO_TXR1574YW,TXR1574YW,Construction Stormwater NOI (1+ acre),2026-08-01,"Far Project Spv, LP",,,,NORTHWEST OF THE INTERSECTION OF AMMANN ROAD AND F,"FAIR OAKS RANCH, TX",TX259,78015,TX,Site: POST OAK PHASE 1,,,
EPA ECHO (TX),ECHO_TXR1571YW,TXR1571YW,Construction Stormwater NOI (1+ acre),2026-08-01,"Beazer Fundamental, LLC",,,,SOUTHEAST AND SOUTHWEST OF THE INTERSECTION OF WEI,"SANTA CLARA, TX",TX187,78124,TX,Site: HARVEST HILLS SUBDIVISION,,,
EPA ECHO (TX),ECHO_TXR1550YU,TXR1550YU,Construction Stormwater NOI (1+ acre),2026-08-01,PRECISION CONSTRUCTION GROUP LLC,,,,"606 US-80 SUNNYVALE, TX 75182","SUNNYVALE, TX",TX113,75182,TX,Site: PECAN RIDGE OFFICE PARK,,,
EPA ECHO (TX),ECHO_TXR1595YU,TXR1595YU,Construction Stormwater NOI (1+ acre),2026-08-01,"Liberty Civil Construction, LLC",,,,SOUTHWEST OF THE INTERSECTION OF WATSON LANE E AND,"NEW BRAUNFELS, TX",TX091,78130,TX,Site: MAYFAIR LIFT STATION 3 AND FORCE MAIN,,,
EPA ECHO (TX),ECHO_TXR1527YW,TXR1527YW,Construction Stormwater NOI (1+ acre),2026-08-01,"D.R. Horton - Texas, Ltd.",,,,S WESTMORELAND RD AND CRANE BLVD,"DALLAS, TX",TX113,75237,TX,Site: CARDINAL HILLS - HOME BUILDING,,,
EPA ECHO (TX),ECHO_TXR1563YX,TXR1563YX,Construction Stormwater NOI (1+ acre),2026-08-01,"W.T. Byler Co., LLC",,,,8812 BOWL RD,"HEARNE, TX",TX395,77859,TX,Site: UPRR BRAZOS SIT YARD,,,
EPA ECHO (TX),ECHO_TXR1565YW,TXR1565YW,Construction Stormwater NOI (1+ acre),2026-08-01,Pacifico Cck Energy 1 LLC,,,,382 EARL CALLAHAN RD,"CEDAR CREEK, TX",TX021,78612-3579,TX,Site: PACIFICO CCK ENERGY 1,,,
EPA ECHO (TX),ECHO_TXR1570YV,TXR1570YV,Construction Stormwater NOI (1+ acre),2026-08-01,"Legacy At Harvest Green, LLC",,,,"LEGACY MANOR SUBDIVISION, FORT BEND COUNTY KEY MAP","RICHMOND, TX",TX157,77407,TX,Site: LEGACY MANOR SUBDIVISION,,,
EPA ECHO (TX),ECHO_TXR1525YT,TXR1525YT,Construction Stormwater NOI (1+ acre),2026-08-01,"Abmf, LLC",,,,10116 KENDALL CYN,"SAN ANTONIO, TX",TX029,78255,TX,Site: 10116 KENDALL CANYON,,,
EPA ECHO (TX),ECHO_TXR1524YW,TXR1524YW,Construction Stormwater NOI (1+ acre),2026-08-01,"Grande Oilfield, L.L.C.",,,,19000 BLANCO ROAD,"SAN ANTONIO, TX",TX029,78256,TX,Site: OUTER LOOP UTILITY-STONE OAK,,,
EPA ECHO (TX),ECHO_TXR1579YW,TXR1579YW,Construction Stormwater NOI (1+ acre),2026-08-01,G2S Group LLC,,,,"9704 WILDER CT. ARGYLE, TX 76226","ARGYLE, TX",TX121,76226,TX,Site: LOT 11 - 9704 WILDER CT,,,
EPA ECHO (TX),ECHO_TXR1594YW,TXR1594YW,Construction Stormwater NOI (1+ acre),2026-08-01,"Kingham Dalton Wilson, Ltd.",,,,3675 KYLE XING,"KYLE, TX",TX209,78640,TX,Site: HAYS COMMERCE,,,
EPA ECHO (TX),ECHO_TXR1542YU,TXR1542YU,Construction Stormwater NOI (1+ acre),2026-08-01,Southwestern Electric Power Company,,,,NEAR INTERSECTION OF US HWY 271 & CR4000 APPROXIMA,"MT PLEASANT, TX",TX449,75455,TX,Site: PRIEFERT EXTENSION,,,
EPA ECHO (TX),ECHO_TXR1505YW,TXR1505YW,Construction Stormwater NOI (1+ acre),2026-08-01,Anderson Columbia,,,,"W GRAVIS ST SH 44 & JULIAN ST SAN DIEGO, TX 78384","SAN DIEGO, TX",TX131,78384,TX,Site: CIELO VISTA NORTH & SOUTH ACCESS ROADS,,,
EPA ECHO (TX),ECHO_TXR1510YU,TXR1510YU,Construction Stormwater NOI (1+ acre),2026-08-01,Genesis Earthworks LLC,,,,5311 PARKSVILLE DR,"ABILENE, TX",TX441,79606,TX,Site: THE HARVEST - PHASE 3,,,
EPA ECHO (TX),ECHO_TXR1598YS,TXR1598YS,Construction Stormwater NOI (1+ acre),2026-08-01,"Key Construction, Inc.",,,,10365 BLUE MOUND ROAD,"FORT WORTH, TX",TX439,76131,TX,Site: CLUB CAR WASH SITE BLUE MOUND,,,
EPA ECHO (TX),ECHO_TXR1581YV,TXR1581YV,Construction Stormwater NOI (1+ acre),2026-08-01,"O'Donnell/Snider Construction, LLC",,,,29133 KATY FWY,"KATY, TX",TX157,77494,TX,Site: KATY EMERGENCY CARE CENTER HOUSTON METHODIST HOSP,,,
EPA ECHO (TX),ECHO_TXR1568YW,TXR1568YW,Construction Stormwater NOI (1+ acre),2026-08-01,Texas Department of Transportation,,,,FROM RM 1174 SOUTH TO .20 MILES EAST OF CR 322,"BURNET, TX",TX053,78611,TX,Site: CSJ 0151-02-026 SH 29,,,
EPA ECHO (TX),ECHO_TXR1516YY,TXR1516YY,Construction Stormwater NOI (1+ acre),2026-08-01,"Amarillo Utility Contractors, Inc.",,,,"BEGINNING ON THE EAST SIDE OF NORTH WESTERN ST, NE","AMARILLO, TX",TX375,79124,TX,Site: N WESTERN & HASTINGS WATERLINE INSTALLATION,,,
EPA ECHO (TX),ECHO_TXR1595YT,TXR1595YT,Construction Stormwater NOI (1+ acre),2026-08-01,"C-A Native Constructors, Inc",,,,LOCATED AT 500 JIM HOGG RD IN JIM HOGG PARK WHICH,"GEORGETOWN, TX",TX491,78633,TX,Site: JIM HOGG PARK NORTH FORK,,,
EPA ECHO (TX),ECHO_TXR1575YU,TXR1575YU,Construction Stormwater NOI (1+ acre),2026-08-01,"Drb Group Texas, LLC",,,,NW OF CARLOS G PARKER BLVD. NW AND NORTH DR.,"TAYLOR, TX",TX491,76574,TX,Site: SPRING CREEK,,,
EPA ECHO (TX),ECHO_TXR1513YY,TXR1513YY,Construction Stormwater NOI (1+ acre),2026-08-01,"Pinto Construction Co., Inc.",,,,FM227 FROM FM 2544 TO 3.3 MILES EAST OF FM 2544,"CROCKETT, TX",TX225,75835,TX,Site: TXDOT-LFK-0937-01-027,,,
EPA ECHO (TX),ECHO_TXR1536YV,TXR1536YV,Construction Stormwater NOI (1+ acre),2026-08-01,"LGI HOMES-TEXAS, LLC",,,,SOUTHEAST OF WILLIAM WALLACE STREET & BRAVEHEART D,"TALTY ETJ, TX",TX257,75114,TX,Site: KINGSBOROUGH PHASE 2,,,
EPA ECHO (TX),ECHO_TXR1525YU,TXR1525YU,Construction Stormwater NOI (1+ acre),2026-08-01,"Northtex Construction, LLC",,,,TAKE I-45 S. TAKE SAM HOUSTON TOLLWAY W EXIT 60B.,"HOCKLEY, TX",TX201,77447,TX,Site: GRAND PRAIRIE,,,
EPA ECHO (TX),ECHO_TXR1598YW,TXR1598YW,Construction Stormwater NOI (1+ acre),2026-08-01,S. J. Louis Construction of Texas Ltd.,,,,6500 SINGLETON BLVD,"DALLAS, TX",TX113,75212-3038,TX,Site: TRA CRWS FEED 2 INTERCEPTOR,,,
EPA ECHO (TX),ECHO_TXR1555YU,TXR1555YU,Construction Stormwater NOI (1+ acre),2026-08-01,"Oht Construction North, LLC",,,,251 W PETER SMITH STREET,"FORT WORTH, TX",TX439,76104,TX,Site: THE BONNIE,,,
EPA ECHO (TX),ECHO_TXR1546YU,TXR1546YU,Construction Stormwater NOI (1+ acre),2026-08-01,"Stylecraft Builders, INC.",,,,CONTRERAS LANE. EAST OF THE INTERSECTION OF LIGHTF,"BRYAN, TX",TX041,77803,TX,Site: MAJESTIC POINTE,,,
EPA ECHO (TX),ECHO_TXR1506YW,TXR1506YW,Construction Stormwater NOI (1+ acre),2026-08-01,"Mycon General Contractors, Inc.",,,,2950 W ROSAMOND PARKWAY,"ANNA, TX",TX085,75409,TX,Site: SPROUTS ANNA,,,
EPA ECHO (TX),ECHO_TXR1575YT,TXR1575YT,Construction Stormwater NOI (1+ acre),2026-08-01,Space Exploration Technologies Corp.,,,,NORTH OF HWY 4 APPROXIMATELY 1 MILE WEST OF THE IN,"BROWNSVILLE, TX",TX061,78521,TX,Site: SPACEX - HATCHET PROJECT SITE,,,
EPA ECHO (TX),ECHO_TXR1587YV,TXR1587YV,Construction Stormwater NOI (1+ acre),2026-08-01,Bcs Grand Homes LLC,,,,"ON THE EAST AND WEST SIDE OF ALAMOSA ST.,AT ITS IN","COLLEGE STATION, TX",TX041,77845,TX,Site: SUMMIT CROSSING PHASE 3C,,,
EPA ECHO (TX),ECHO_TXR1530YW,TXR1530YW,Construction Stormwater NOI (1+ acre),2026-08-01,"D.R. Horton - Texas, Ltd.",,,,FIRESIDE DR AND KARMA AVE,"DALLAS, TX",TX113,75217,TX,Site: DOWDY FERRY - HOME BUILDING,,,
EPA ECHO (TX),ECHO_TXR1531YU,TXR1531YU,Construction Stormwater NOI (1+ acre),2026-08-01,Mission Site Services LLC,,,,NORTH OF ROBIN DR & W PECAN ST,"SHERMAN, TX",TX181,75092,TX,Site: SHERMAN EARLY CHILDHOOD DEVELOPMENT CENTER,,,
EPA ECHO (TX),ECHO_TXR1567YU,TXR1567YU,Construction Stormwater NOI (1+ acre),2026-08-01,"Lennar Homes of Texas Land and Construction, Ltd.",,,,INTERSECTION OF BEAR CREEK RD AND KELLY RNCH PKWY,"ALEDO, TX",TX367,76008,TX,Site: KELLY RANCH - HOME BUILDING,,,
EPA ECHO (TX),ECHO_TXR1591YT,TXR1591YT,Construction Stormwater NOI (1+ acre),2026-08-01,Castlerock Communities LLC,,,,LOCATED EAST OF THE INTERSECTION AT 23RD STREET N,"TEXAS CITY, TX",TX167,77590,TX,Site: CASTLEROCK COMMUNITIES- SUNRISE COVE,,,
EPA ECHO (TX),ECHO_TXR1570YU,TXR1570YU,Construction Stormwater NOI (1+ acre),2026-08-01,"Bt Gateway Data Center, LLC",,,,OFF CR 2658 AND CR 2656,"ROYSE CITY, TX",TX231,75189,TX,Site: ROYSE CITY DATA CENTER,,,
EPA ECHO (TX),ECHO_TXR1558YV,TXR1558YV,Construction Stormwater NOI (1+ acre),2026-08-01,Denbow Company Inc.,,,,SOUTHEAST OF COUNTY RD 258 & RIQUEZA WY,"LIBERTY HILL, TX",TX491,78642,TX,Site: SADDLEBACK PHS 2 SEC 2,,,
EPA ECHO (TX),ECHO_TXR1504YV,TXR1504YV,Construction Stormwater NOI (1+ acre),2026-08-01,"Reytec Construction Resources, Inc.",,,,ON HEARN RD PASSING BROOKLANE DR,"CORPUS CHRISTI, TX",TX355,78410,TX,Site: CCW BRACKISH RO WTP,,,
EPA ECHO (TX),ECHO_TXR1520YX,TXR1520YX,Construction Stormwater NOI (1+ acre),2026-08-01,"Texana Builders, LLC",,,,7613 FM 78,"SAN ANTONIO, TX",TX029,78244,TX,Site: BOJANGLES,,,
EPA ECHO (TX),ECHO_TXR1530YU,TXR1530YU,Construction Stormwater NOI (1+ acre),2026-08-01,Atmos Energy Corporation,,,,NORTH OF ROBIN DR & W PECAN ST,"SHERMAN, TX",TX181,75092,TX,Site: SHERMAN EARLY CHILDHOOD DEVELOPMENT CENTER,,,
EPA ECHO (TX),ECHO_TXR1536YX,TXR1536YX,Construction Stormwater NOI (1+ acre),2026-08-01,"Golden Triangle Storage, LLC",,,,6649 HIGHLAND AVE,"BEAUMONT, TX",TX245,77705,TX,Site: GOLDEN TRIANGLE CENTRAL STORAGE SITE,,,
EPA ECHO (TX),ECHO_TXR1531YW,TXR1531YW,Construction Stormwater NOI (1+ acre),2026-08-01,Approach Management Inc,,,,1636 EAST HIGHWAY 276,"WEST TAWAKONI, TX",TX231,75474,TX,Site: WEST TAWAKONI COMMERCIAL DEVELOPMENT EAST PARCEL,,,
EPA ECHO (TX),ECHO_TXR1534YT,TXR1534YT,Construction Stormwater NOI (1+ acre),2026-08-01,M.C.G. Custom Homes Inc.,,,,106 FALCON CT,"HUNTSVILLE, TX",TX473,77340,TX,Site: MARCELO C GARCIA,,,
EPA ECHO (TX),ECHO_TXR1560YT,TXR1560YT,Construction Stormwater NOI (1+ acre),2026-08-01,Miles  Payne,,,,NE OF INTERSECTION OF HWY 105 & FM 1774,"PLANTERSVILLE, TX",TX185,77363,TX,Site: THE CEDARS - 9606 CEDAR LAKE COURT - HOME BUILDING,,,
EPA ECHO (TX),ECHO_TXR1586YW,TXR1586YW,Construction Stormwater NOI (1+ acre),2026-08-01,"Prodirt Services, LLC",,,,NE OF CROSS CREEK RD. AND SH29,"LIBERTY HILL, TX",TX491,78628,TX,Site: CIMARRON HILLS CONDO,,,
EPA ECHO (TX),ECHO_TXR1564YV,TXR1564YV,Construction Stormwater NOI (1+ acre),2026-08-01,Carlson Mcclain Construction Company LLC,,,,2800 TED DUDLEY DRIVE,"TEXAS CITY, TX",TX167,77591,TX,Site: BAYOU GOLF COURSE,,,
EPA ECHO (TX),ECHO_TXR1572YV,TXR1572YV,Construction Stormwater NOI (1+ acre),2026-08-01,"LEXTON CONSTRUCTION, LLC",,,,APPROX. 350 YARDS NORTHWEST FROM THE INTERSECTION,"MONTGOMERY, TX",TX339,77316,TX,Site: KRESSTON SECTION 21,,,
EPA ECHO (TX),ECHO_TXR1544YT,TXR1544YT,Construction Stormwater NOI (1+ acre),2026-08-01,City Public Service Energy,,,,SE OF LOWER SEGUIN RD & HOLLERING VINE,"SAN ANTONIO, TX",TX029,78154,TX,Site: VANTAGE AT CROSSVINE,,,
EPA ECHO (TX),ECHO_TXR1586YT,TXR1586YT,Construction Stormwater NOI (1+ acre),2026-08-01,"Blattner Energy, LLC",,,,THE PROJECT IS LOCATED SOUTHWEST OF COLORADO CITY,"COLORADO CITY, TX",TX335,79512,TX,Site: HACKBERRY SOLAR,,,
EPA ECHO (TX),ECHO_TXR1574YV,TXR1574YV,Construction Stormwater NOI (1+ acre),2026-08-01,"Eagle Contracting, LLC",,,,6500 SINGLETON BLVD,"DALLAS, TX",TX113,75212-3038,TX,Site: WWS ONSITE STORAGE & EQUAL BASINS REHAB,,,
EPA ECHO (TX),ECHO_TXR1510YT,TXR1510YT,Construction Stormwater NOI (1+ acre),2026-08-01,AEP Texas Inc.,,,,THE PROJECT WILL BEGIN AT THE HECKER SUBSTATION AN,"GREGORY, TX",TX409,78359,TX,Site: HECKER TO RESNIK T-LINE REBUILD PROJECT,,,
EPA ECHO (TX),ECHO_TXR1517YX,TXR1517YX,Construction Stormwater NOI (1+ acre),2026-08-01,"Kean Construction, LLC",,,,"GENERALLY LOCATED SOUTH OF STATE HIGHWAY 242, WEST","CONROE, TX",TX339,77302,TX,Site: ARTAVIA SUBDIVISION,,,
EPA ECHO (TX),ECHO_TXR1587YX,TXR1587YX,Construction Stormwater NOI (1+ acre),2026-08-01,"Arco/Murray National Holdings, Inc.",,,,278 REPUBLIC DR,"KYLE, TX",TX209,78640,TX,Site: KYLE COMMERCE CENTER,,,
EPA ECHO (TX),ECHO_TXR1583YU,TXR1583YU,Construction Stormwater NOI (1+ acre),2026-08-01,Chris Harp Construction Limited Liability Company,,,,NORTHWEST OF LIMESTONE AVENUE & IRION WAY,"MCKINNEY, TX",TX085,75071,TX,Site: PAVING OPERATIONS FOR HIGHLAND LAKES PHASE 3A,,,
EPA ECHO (TX),ECHO_TXR1593YW,TXR1593YW,Construction Stormwater NOI (1+ acre),2026-08-01,Dang  Nguyen,,,,0.50-MILES EAST OF THE INTERSECTION OF STATE HIGHW,"CROCKETT, TX",TX225,75835,TX,Site: EVERGREEN FARM,,,
EPA ECHO (TX),ECHO_TXR1519YW,TXR1519YW,Construction Stormwater NOI (1+ acre),2026-08-01,Texasite LLC,,,,INTERSECTION OF FM 646 AND FM 3436,"TEXAS CITY, TX",TX167,77539,TX,Site: LAKESIDE BAYOU SECTION 3,,,
EPA ECHO (TX),ECHO_TXR1579YU,TXR1579YU,Construction Stormwater NOI (1+ acre),2026-08-01,"D.R. Horton - Texas, Ltd.",,,,NORTHEAST OF N HADLEY RD AND E GODLEY AVE,"GODLEY, TX",TX251,76044,TX,Site: HADLEY FARMS,,,
EPA ECHO (TX),ECHO_TXR1558YW,TXR1558YW,Construction Stormwater NOI (1+ acre),2026-08-01,PAVECON PUBLIC WORKS LP,,,,NORTHEAST OF MONTALCINO BOULEVARD & BALTUSROL DRIV,"FLOWER MOUND, TX",TX121,75022,TX,Site: MONTALCINO ESTATES PH 4,,,
EPA ECHO (TX),ECHO_TXR1515YV,TXR1515YV,Construction Stormwater NOI (1+ acre),2026-08-01,"Myrish Hospitality, LLC",,,,820 KINGS FORT PARKWAY,"KAUFMAN, TX",TX257,75142,TX,Site: HAMPTON INN KAUFMAN,,,
EPA ECHO (TX),ECHO_TXR1512YW,TXR1512YW,Construction Stormwater NOI (1+ acre),2026-08-01,"Lennar Homes of Texas Land and Construction, Ltd.",,,,SEC OF FM 75 & CR 831,"PRINCETON, TX",TX085,75407,TX,Site: SERENITY - HOME BUILDING,,,
EPA ECHO (TX),ECHO_TXR1510YV,TXR1510YV,Construction Stormwater NOI (1+ acre),2026-08-01,"PIAZZA CONSTRUCTION, LLC",,,,NORTHEAST 340LF OF WAYNE CABANISS DR. & TX-91 DENI,"DENISON, TX",TX181,75020,TX,Site: NTI GLOBAL DENISON,,,
EPA ECHO (TX),ECHO_TXR1501YT,TXR1501YT,Construction Stormwater NOI (1+ acre),2026-08-01,Capital Excavation Company,,,,SOUTHWEST AND NORTHEAST OF THE INTERSECTION OF ROA,"SAN ANTONIO, TX",TX029,78259,TX,Site: EVANS ROAD PHASE 1,,,
EPA ECHO (TX),ECHO_TXR1513YW,TXR1513YW,Construction Stormwater NOI (1+ acre),2026-08-01,"Dfh Coventry, LLC",,,,"APPROX. 1,200 YARDS SOUTHWEST FROM THE INTERSECTIO","RICHMOND, TX",TX157,77406,TX,Site: HERITAGE BEND COVENTRY,,,
EPA ECHO (TX),ECHO_TXR1541YU,TXR1541YU,Construction Stormwater NOI (1+ acre),2026-08-01,Bratjen Construction Company,,,,"WEST SIDE OF 35, SOUTH OF LOOP 288 33.25086 N, 97.","DENTON, TX",TX121,76207,TX,Site: HARRIS RANCH - PHASE 1,,,
EPA ECHO (TX),ECHO_TXR1562YU,TXR1562YU,Construction Stormwater NOI (1+ acre),2026-08-01,"Environmental Allies, LLC",,,,LAKEVIEW DRIVE,"SEALY, TX",TX015,77474,TX,Site: ALLENS CREEK,,,
EPA ECHO (TX),ECHO_TXR1505YT,TXR1505YT,Construction Stormwater NOI (1+ acre),2026-08-01,"Bayside Land Works, LLC",,,,EAST OF BAY AREA BOULEVARD BETWEEN PORT ROAD & CHO,"PASADENA, TX",TX201,77507,TX,Site: BAY AREA INDUSTRIAL,,,
EPA ECHO (TX),ECHO_TXR1598YU,TXR1598YU,Construction Stormwater NOI (1+ acre),2026-08-01,Wal-Mart Real Estate Business Trust,,,,860 FB SCHWERTNER RD,"JARRELL, TX",TX491,76537,TX,Site: WALMART 3085-00,,,
EPA ECHO (TX),ECHO_TXR1511YX,TXR1511YX,Construction Stormwater NOI (1+ acre),2026-08-01,"Gs Construction Midsouth, LLC",,,,800 E ST JOHNS AVE,"AUSTIN, TX",TX453,78752,TX,Site: ST JOHNS APARTMENTS SOUTH,,,
EPA ECHO (TX),ECHO_TXR1507YU,TXR1507YU,Construction Stormwater NOI (1+ acre),2026-08-01,"Dc Contracting Services, LLC",,,,W OF FM 3083 & APPROX. 1.35 MILES NW OF FM 3083 &,"CONROE, TX",TX339,77302,TX,Site: GRANGER POINTE,,,
EPA ECHO (TX),ECHO_TXR1518YT,TXR1518YT,Construction Stormwater NOI (1+ acre),2026-08-01,"Toll Bros., Inc.",,,,"E OF BOIS D ARC LN, S OF FM 1093 & TEXAS HERITAGE","FULSHEAR, TX",TX157,77441,TX,Site: HERITAGE BEND TBPH SEC 1-4,,,
EPA ECHO (TX),ECHO_TXR1561YT,TXR1561YT,Construction Stormwater NOI (1+ acre),2026-08-01,"Catamount Constructors, Inc.",,,,7019 INDUSTRIAL WAY,"SAN ANTONIO, TX",TX029,78252,TX,Site: SOUTHPARK 6A6B,,,
EPA ECHO (TX),ECHO_TXR1586YU,TXR1586YU,Construction Stormwater NOI (1+ acre),2026-08-01,"Nash Industries, Inc.",,,,5301 SHADOW BEND PL,"THE WOODLANDS, TX",TX339,77381,TX,Site: CONROE ISD DAVID ELEMENTARY GYM ADDITION,,,
EPA ECHO (TX),ECHO_TXR1530YX,TXR1530YX,Construction Stormwater NOI (1+ acre),2026-08-01,"Oden Hughes Construction, LLC",,,,14192 PARK ROW DRIVE,"HOUSTON, TX",TX201,77084,TX,Site: PARK ROW APARTMENTS,,,
EPA ECHO (TX),ECHO_TXR1520YW,TXR1520YW,Construction Stormwater NOI (1+ acre),2026-08-01,Strive Builders LLC,,,,1126 STONEBROOK DR,"HUTTO, TX",TX491,78634,TX,Site: ROLLING GLEN AMENITY CENTER,,,
EPA ECHO (TX),ECHO_TXR1575YX,TXR1575YX,Construction Stormwater NOI (1+ acre),2026-08-01,Holtman Construction Services LLC,,,,809 FM 407,"ARGYLE, TX",TX121,76226,TX,Site: TRIBES CHURCH,,,
EPA ECHO (TX),ECHO_TXR1567YV,TXR1567YV,Construction Stormwater NOI (1+ acre),2026-08-01,"Joeris General Contractors, LLC",,,,11940 N GRAND PKWY E,"NEW CANEY, TX",TX339,77357,TX,Site: VALLEY RANCH SITE,,,
EPA ECHO (TX),ECHO_TXR1545YV,TXR1545YV,Construction Stormwater NOI (1+ acre),2026-08-01,Michael Biasello,,,,33703 BETKA RD,"WALLER, TX",TX473,77484,TX,Site: THE RAC WALLER,,,
EPA ECHO (TX),ECHO_TXR1520YT,TXR1520YT,Construction Stormwater NOI (1+ acre),2026-08-01,"MLGP, LLC",,,,NORTHWEST OF BLUE MOUND ROAD & EAST BONDS RANCH RO,"FORT WORTH, TX",TX439,76052,TX,Site: COPPER RANCH ADDITION,,,
EPA ECHO (TX),ECHO_TXR1505YX,TXR1505YX,Construction Stormwater NOI (1+ acre),2026-08-01,Blackoak Homes LLC,,,,"HEAD NE ON COMPASSION LN, TAKE A RIGHT ON DAWN TRE","WILLIS, TX",TX339,77378,TX,Site: GREENWOOD RESIDENCE,,,
EPA ECHO (TX),ECHO_TXR1507YX,TXR1507YX,Construction Stormwater NOI (1+ acre),2026-08-01,"PERRY WILLIAMS GENERAL CONTRACTORS, LLC",,,,AT THE SOUTHWESTERN CORNER OF JACK PAYNE DRIVE AND,"AMARILLO, TX",TX381,79119,TX,Site: HERITAGE HILLS UNIT 23,,,
EPA ECHO (TX),ECHO_TXR1524YX,TXR1524YX,Construction Stormwater NOI (1+ acre),2026-08-01,Atmos Energy Corporation,,,,SOUTHWEST OF LITTLE SNAKE WY & COWBOY CYN DR,"GEORGETOWN, TX",TX491,78633,TX,Site: BERRY CREEK 8B & 9,,,
EPA ECHO (TX),ECHO_TXR1523YX,TXR1523YX,Construction Stormwater NOI (1+ acre),2026-08-01,"Sbs Construction, Inc.",,,,"1401 C BUD STOCKTON LOOP JARRELL, TX 76537","JARRELL, TX",TX491,76537,TX,Site: HOUSLEY OFFICE,,,
EPA ECHO (TX),ECHO_TXR1545YW,TXR1545YW,Construction Stormwater NOI (1+ acre),2026-08-01,"Dfh Coventry, LLC",,,,34769 CARRIES CREEK DR,"BULVERDE, TX",TX091,78163,TX,Site: 34769 CARRIES CREEK DR - BELLE OAKS RANCH,,,
EPA ECHO (TX),ECHO_TXR1534YW,TXR1534YW,Construction Stormwater NOI (1+ acre),2026-08-01,"DL Glover Clearing, L.L.C.",,,,NORTH OF NANES DR & TIGRIS LN INTERSECTION,"HOUSTON, TX",TX201,77090,TX,Site: WESTADOR STORMWATER DETENTION BASIN,,,
EPA ECHO (TX),ECHO_TXR1563YT,TXR1563YT,Construction Stormwater NOI (1+ acre),2026-08-01,"Saber Power Services, LLC",,,,701 HIGHWAY 146 N,"TEXAS CITY, TX",TX167,77590,TX,Site: SOUTHERN SELECT BESS,,,
EPA ECHO (TX),ECHO_TXR1550YX,TXR1550YX,Construction Stormwater NOI (1+ acre),2026-08-01,"Jerdon Enterprise, LLC",,,,"FROM THE EXISTING DETENTION POND AT AVIARY COVE, S","AUSTIN, TX",TX453,78744,TX,Site: BRASSIEWOOD DR PHASE 2 - SOUTH PLEASANT VALLEY RD OUTFALL,,,
EPA ECHO (TX),ECHO_TXR1572YX,TXR1572YX,Construction Stormwater NOI (1+ acre),2026-08-01,"Conatser Construction Tx, LP",,,,SOUTHEAST OF THE INTERSECTION OF FM 156 AND HARMON,"NORTHLAKE, TX",TX121,76247,TX,Site: NORTHPORT II PUBLIC INFRASTRUCTURE PHASE 1,,,
EPA ECHO (TX),ECHO_TXR1582YT,TXR1582YT,Construction Stormwater NOI (1+ acre),2026-08-01,Messer LLC,,,,1096 BOATCALLIE RD,"BRYAN, TX",TX041,77808,TX,Site: BRYAN ASU,,,
EPA ECHO (TX),ECHO_TXR1548YU,TXR1548YU,Construction Stormwater NOI (1+ acre),2026-08-01,"Principal Services, Ltd.",,,,SEC 14-16 & 19 ARE LOCATED IN THE CENTRAL-WESTERN,"MONTGOMERY, TX",TX339,77316,TX,Site: TWO STEP FARM,,,
EPA ECHO (TX),ECHO_TXR1545YT,TXR1545YT,Construction Stormwater NOI (1+ acre),2026-08-01,City Public Service Energy,,,,NE OF STAPPER RD & MILLER RD,"SAN ANTONIO, TX",TX029,78152,TX,Site: CLEARWATER CREEK WWTP,,,
EPA ECHO (TX),ECHO_TXR1571YU,TXR1571YU,Construction Stormwater NOI (1+ acre),2026-08-01,"Wanzek Construction, Inc.",,,,8856 CONNECTION RD,"TROY, TX",TX027,76579-3160,TX,Site: BIG ELM SOLAR PROJECT,,,
EPA ECHO (TX),ECHO_TXR1589YU,TXR1589YU,Construction Stormwater NOI (1+ acre),2026-08-01,"Hba Design Build, LLC",,,,2601 E BELT LINE RD,"CARROLLTON, TX",TX113,75006-5401,TX,Site: PROLOGIS HALLIBURTON,,,
EPA ECHO (TX),ECHO_TXR1534YV,TXR1534YV,Construction Stormwater NOI (1+ acre),2026-08-01,Southerly Homes LLC,,,,SITE IS LOCATED APPROXIMATELY 0.5 MILES EAST OF TH,"SPICEWOOD, TX",TX453,78669,TX,Site: TRAVIS CLUB SOUTHERLY,,,
EPA ECHO (TX),ECHO_TXR1506YU,TXR1506YU,Construction Stormwater NOI (1+ acre),2026-08-01,Joe Bland Construction LLC,,,,SITE IS LOCATED APPROXIMATELY 0.3 MILES EAST OF TH,"AUSTIN, TX",TX453,78747,TX,Site: EASTON PARK SOUTH SECTION 7,,,
EPA ECHO (TX),ECHO_TXR1529YU,TXR1529YU,Construction Stormwater NOI (1+ acre),2026-08-01,Turner Reed Energy LLC,,,,NORTHEAST OF MATON WY & SANTA RITA BLVD,"LIBERTY HILL, TX",TX491,78642,TX,Site: EL DORADO PHS 7 & 8,,,
EPA ECHO (TX),ECHO_TXR1547YW,TXR1547YW,Construction Stormwater NOI (1+ acre),2026-08-01,Chris Harp Construction Limited Liability Company,,,,SWC FM 2933 AND CR 1217,"MELISSA, TX",TX085,75454,TX,Site: PAVING OPERATIONS FOR ORCHARD PHASE 1,,,
EPA ECHO (TX),ECHO_TXR1556YW,TXR1556YW,Construction Stormwater NOI (1+ acre),2026-08-01,Ashton Dallas Residential L.L.C.,,,,S WESTMORELAND RD AND HARVEST TERRACE,"GLENN HEIGHTS, TX",TX113,75154,TX,Site: STEWART FARMS - HOMEBUILDING,,,
EPA ECHO (TX),ECHO_TXR1587YW,TXR1587YW,Construction Stormwater NOI (1+ acre),2026-08-01,Rivercity Rebuild LLC,,,,1448 SPRINGFIELD RD,"KIRBY, TX",TX029,78219,TX,Site: MENDOZAS ROOFING SUPPLIES,,,
EPA ECHO (TX),ECHO_TXR1559YW,TXR1559YW,Construction Stormwater NOI (1+ acre),2026-08-01,The Whiting-Turner Contracting Company,,,,NW OF FOREST PARK BLVD. AND PARK HILL DR.,"FORT WORTH, TX",TX439,76110,TX,Site: FOREST & JUNGLES ZONE 2 & 3,,,
EPA ECHO (TX),ECHO_TXR1510YY,TXR1510YY,Construction Stormwater NOI (1+ acre),2026-08-01,City Public Service Energy,,,,SE OF CO RD 381 & FM 471,"SAN ANTONIO, TX",TX029,78253,TX,Site: REDBIRD RANCH UNIT 8M-3B,,,
EPA ECHO (TX),ECHO_TXR1546YV,TXR1546YV,Construction Stormwater NOI (1+ acre),2026-08-01,"David E. Harvey Builders, Inc.",,,,5150 MEDICAL SERVICE DR,"HOUSTON, TX",TX201,77204,TX,Site: UNIVERSITY OF HOUSTON - MEDICAL RESEARCH BUILDING,,,
EPA ECHO (TX),ECHO_TXR1531YX,TXR1531YX,Construction Stormwater NOI (1+ acre),2026-08-01,"Lennar Homes of Texas Land and Construction, Ltd.",,,,350 WEST OF NEW SWEDEN CHURCH RD AND AXELL LN INTE,"PFLUGERVILLE, TX",TX453,78653,TX,Site: NEW SWEDEN - OFFSITE,,,
EPA ECHO (TX),ECHO_TXR1578YX,TXR1578YX,Construction Stormwater NOI (1+ acre),2026-08-01,"Lynn Vessels Construction, LLC",,,,RAIL ROAD AND HWY 75 SERVICE ROAD SOUTH OF EMERSON,"SHERMAN, TX",TX181,75090,TX,Site: BLALOCK PARK INERCEPTOR IMPROVEMENTS,,,
EPA ECHO (TX),ECHO_TXR1574YX,TXR1574YX,Construction Stormwater NOI (1+ acre),2026-08-01,"Mh Civil Constructors, Inc.",,,,INTERSECTION OF ALCOVE AVE AND 4TH ST TO INTERSECT,"LUBBOCK, TX",TX303,79407,TX,Site: WEST LUBBOCK WATER SYSTEM EXPANSION PROJECT,,,
EPA ECHO (TX),ECHO_TXR1549YV,TXR1549YV,Construction Stormwater NOI (1+ acre),2026-08-01,"2-H Construction Services, LLC",,,,8002 N CEDAR AVE,"LUBBOCK, TX",TX303,79403,TX,Site: UPS LUBBOCK GATEWAY EXPANSION,,,
EPA ECHO (TX),ECHO_TXR1583YW,TXR1583YW,Construction Stormwater NOI (1+ acre),2026-08-01,City Public Service Energy,,,,SE OF LUCKEY RIVER & MONTGOMERY RD,"SAN ANTONIO, TX",TX029,78252,TX,Site: BLOSSOM RANCH UNIT 2A,,,
EPA ECHO (TX),ECHO_TXR1527YV,TXR1527YV,Construction Stormwater NOI (1+ acre),2026-08-01,"JPI Construction, LLC",,,,"875 WINDBELL CIRCLE MESQUITE, TX 75149","MESQUITE, TX",TX113,75149,TX,Site: TORRINGTON CREEKSIDE,,,
EPA ECHO (TX),ECHO_TXR1586YV,TXR1586YV,Construction Stormwater NOI (1+ acre),2026-08-01,Castlerock Communities LLC,,,,"THE SITE IS LOCATED APPROXIMATELY 1,900 FEET SOUTH","CONVERSE, TX",TX029,78109,TX,Site: CASTLEROCK COMMUNITIES- CHASIN HEIGHTS,,,
EPA ECHO (TX),ECHO_TXR1575YW,TXR1575YW,Construction Stormwater NOI (1+ acre),2026-08-01,"Pmb Capital Investments, LP",,,,NORTHWEST OF BELLA CREEK PARKWAY & BELLA DIO DRIVE,"FORT WORTH, TX",TX439,76126,TX,Site: BELLA CREEK PKWY EXTENSION,,,
EPA ECHO (TX),ECHO_TXR1570YT,TXR1570YT,Construction Stormwater NOI (1+ acre),2026-08-01,M. A. Mortenson Company,,,,WEST OF THE INTERSECTION OF AIRFIELD DR AND N MOOR,"EDINBURG, TX",TX215,78539,TX,Site: USDA NWS LAYDOWN AND ACCESS RD,,,
EPA ECHO (TX),ECHO_TXR1509YU,TXR1509YU,Construction Stormwater NOI (1+ acre),2026-08-01,Genesis Earthworks LLC,,,,EAST END OF FISHERMANS COVER DR EAST OF GRIFFITH R,"ABILENE, TX",TX441,79601,TX,Site: GRIFFITH LAKE ESTATES SECTION 3,,,
EPA ECHO (TX),ECHO_TXR1502YW,TXR1502YW,Construction Stormwater NOI (1+ acre),2026-08-01,Texas Department of Transportation,,,,"FM 89 IN TAYLOR COUNTY, FROM 1.219 MILES SOUTH OF","ABILENE, TX",TX441,79606,TX,Site: ABL CSJ 069901065 PROJECT STP 2026427 HES,,,
EPA ECHO (TX),ECHO_TXR1562YV,TXR1562YV,Construction Stormwater NOI (1+ acre),2026-08-01,Turner Reed Energy LLC,,,,NORTHWEST OF SILVER SPUR BLVD & RONALD REAGAN BLVD,"GEORGETOWN, TX",TX491,78633,TX,Site: SOMERSET PHS 6A,,,
EPA ECHO (TX),ECHO_TXR1519YV,TXR1519YV,Construction Stormwater NOI (1+ acre),2026-08-01,"Cissell Mueller Construction, Inc.",,,,SOUTHEAST CORNER OF N HIGHWAY 281 & FM 2812,"EDINBURG, TX",TX215,78541,TX,Site: QUIKTRIP STORE 7976,,,
EPA ECHO (TX),ECHO_TXR1563YU,TXR1563YU,Construction Stormwater NOI (1+ acre),2026-08-01,Atmos Energy Corporation,,,,"CO RD 57, EAST OF W FM 455","CELINA, TX",TX085,75009,TX,Site: VILLAGES UPTOWN OFFSITE,,,
EPA ECHO (TX),ECHO_TXR1539YV,TXR1539YV,Construction Stormwater NOI (1+ acre),2026-08-01,"SAL Construction Management, LLC",,,,LOCATED NORTH OF U.S. HIGHWAY 359 AND EAST OF AMAN,"LAREDO, TX",TX479,78043,TX,Site: PHOENIX VILLAGE PHASE XIV,,,
EPA ECHO (TX),ECHO_TXR1502YY,TXR1502YY,Construction Stormwater NOI (1+ acre),2026-08-01,"Lennar Homes of Texas Land and Construction, Ltd.",,,,SOUTH OF THE INTERSECTION OF W. POWELL ST & KENNED,"WILLIS, TX",TX339,77378,TX,Site: MORAN RANCH - HOME BUILDING,,,
EPA ECHO (TX),ECHO_TXR1573YT,TXR1573YT,Construction Stormwater NOI (1+ acre),2026-08-01,Atmos Energy Corporation,,,,SOUTH OF WATKINS RD & NOBLE GRV,"LAVON, TX",TX085,75189,TX,Site: ELEVON SEC 5 PHS 2,,,
EPA ECHO (TX),ECHO_TXR1511YT,TXR1511YT,Construction Stormwater NOI (1+ acre),2026-08-01,"Beyer Construction, LLC",,,,APPROX. 900 YARDS SOUTHWEST FROM THE INTERSECTION,"HUFFMAN, TX",TX201,77336,TX,Site: SILA DR STREET DEDICATION & RESERVES SECTION 3,,,
EPA ECHO (TX),ECHO_TXR1547YU,TXR1547YU,Construction Stormwater NOI (1+ acre),2026-08-01,Ie US Development Holdings 7 Inc.,,,,1730 FM 540,"HAMLIN, TX",TX151,79520,TX,Site: IREN SWEETWATER 2 DATA CENTER PROJECT SUBSTATION ROUGH GRAD,,,
EPA ECHO (TX),ECHO_TXR1583YX,TXR1583YX,Construction Stormwater NOI (1+ acre),2026-08-01,Chris Harp Construction Limited Liability Company,,,,PINE RIDGE TRAIL AND COTTONWOOD CREEK TRAIL,"ROWLETT, TX",TX113,75098,TX,Site: PAVING OPERATIONS FOR THE TRAILS AT COTTONWOOD CRE,,,
EPA ECHO (TX),ECHO_TXR1576YW,TXR1576YW,Construction Stormwater NOI (1+ acre),2026-08-01,Fw Club LP,,,,NORTHWEST OF BELLA CREEK PARKWAY & BELLA DIO DRIVE,"FORT WORTH, TX",TX439,76126,TX,Site: BELLA CREEK PKWY EXTENSION,,,
EPA ECHO (TX),ECHO_TXR1566YU,TXR1566YU,Construction Stormwater NOI (1+ acre),2026-08-01,"KCK Utility Construction, Inc.",,,,SOUTH OF BENTLY DRIVE & STATE ROUTE 78,"LAVON, TX",TX085,75166,TX,Site: ELEVON NE COMMERCIAL INFRA PH 1 & TURN LANES,,,
EPA ECHO (TX),ECHO_TXR1539YT,TXR1539YT,Construction Stormwater NOI (1+ acre),2026-08-01,Stansell Properties & Development LLC,,,,2104 S 1ST ST,"LUFKIN, TX",TX005,75901,TX,Site: CFA - LUFKIN RELO S LOOP CROSSING TX 6139,,,
EPA ECHO (TX),ECHO_TXR1502YV,TXR1502YV,Construction Stormwater NOI (1+ acre),2026-08-01,Cheyenne Construction Group LLC,,,,10811 W GRAND PKWY S,"RICHMOND, TX",TX157,77407,TX,Site: THE MARKET AT HARVEST GREEN - LOT C,,,
EPA ECHO (TX),ECHO_TXR1582YW,TXR1582YW,Construction Stormwater NOI (1+ acre),2026-08-01,"Principal Services, Ltd.",,,,"APPROX. 1,200 YARDS SOUTHWEST FROM THE INTERSECTIO","RICHMOND, TX",TX157,77406,TX,Site: HERITAGE BEND COVENTRY,,,
EPA ECHO (TX),ECHO_TXR1599YX,TXR1599YX,Construction Stormwater NOI (1+ acre),2026-08-01,Lower Colorado River Authority,,,,"FROM THE INTERSECTION OF HWY. 71 AND FM 1209, HEAD","BASTROP, TX",TX021,78602,TX,Site: UTLEY SUBSTATION,,,
EPA ECHO (TX),ECHO_TXR1540YX,TXR1540YX,Construction Stormwater NOI (1+ acre),2026-08-01,"TOP STAR CONSTRUCTION, L.L.C.",,,,23920 BAUER HOCKLEY RD,"HOCKLEY, TX",TX201,77447-6912,TX,Site: BAUER HOCKLEY MINI STORAGE,,,
EPA ECHO (TX),ECHO_TXR1561YV,TXR1561YV,Construction Stormwater NOI (1+ acre),2026-08-01,Atmos Energy Corporation,,,,NORTHWEST OF SILVER SPUR BLVD & RONALD REAGAN BLVD,"GEORGETOWN, TX",TX491,78633,TX,Site: SOMERSET PHS 6A,,,
EPA ECHO (TX),ECHO_TXR1569YT,TXR1569YT,Construction Stormwater NOI (1+ acre),2026-08-01,"Tri Pointe Homes Texas, Inc.",,,,APPROX. 500 FEET SOUTHEAST FROM THE INTERSECTION O,"CYPRESS, TX",TX201,77429,TX,Site: AZALEA TRAILS,,,
EPA ECHO (TX),ECHO_TXR1540YT,TXR1540YT,Construction Stormwater NOI (1+ acre),2026-08-01,"Rainsong Partnership, LLC",,,,APPROX. 250 YARDS NORTHWEST FROM THE INTERSECTION,"TEXAS CITY, TX",TX167,77591,TX,Site: COBBLESTONE,,,
EPA ECHO (TX),ECHO_TXR1540YU,TXR1540YU,Construction Stormwater NOI (1+ acre),2026-08-01,"W.T. Byler Co., LLC",,,,9.6 MILES NORTH OF W. GOMEZ RD AND INTERSTATE 10 S,"FORT STOCKTON, TX",TX371,79735,TX,Site: PECOS COUNTY INNOVATION CAMPUS,,,
EPA ECHO (TX),ECHO_TXR1538YX,TXR1538YX,Construction Stormwater NOI (1+ acre),2026-08-01,"Continental Homes Of Texas, L.P.",,,,HOLLYHOCK RD & DAHLIA DR,"UHLAND, TX",TX209,78640,TX,Site: MARIGOLD - PHASE 3 - LD,,,
EPA ECHO (TX),ECHO_TXR1525YX,TXR1525YX,Construction Stormwater NOI (1+ acre),2026-08-01,Turner Reed Energy LLC,,,,SOUTHWEST OF LITTLE SNAKE WY & COWBOY CYN DR,"GEORGETOWN, TX",TX491,78633,TX,Site: BERRY CREEK 8B & 9,,,
EPA ECHO (TX),ECHO_TXR1548YT,TXR1548YT,Construction Stormwater NOI (1+ acre),2026-08-01,"DNT Construction, LLC",,,,EAST OF THE INTERSECTION OF GINGER CROSSING AND CA,"ELMENDORF, TX",TX029,78112,TX,Site: HICKORY RIDGE UNIT 3A,,,
EPA ECHO (TX),ECHO_TXR1517YU,TXR1517YU,Construction Stormwater NOI (1+ acre),2026-08-01,"SIEMENS ENERGY, INC.",,,,APPROX. 0.4 MILES NW OF INTERSECTION US HWY 271 &,"PARIS, TX",TX277,75462,TX,Site: ECHOLS GROVE SUBSTATION,,,
EPA ECHO (TX),ECHO_TXR1533YT,TXR1533YT,Construction Stormwater NOI (1+ acre),2026-08-01,Kinfolk Homes LLC,,,,1502 CLYDESDALE RD,"ARGYLE, TX",TX121,76226,TX,Site: EAGLE RIDGE,,,
EPA ECHO (TX),ECHO_TXR1512YY,TXR1512YY,Construction Stormwater NOI (1+ acre),2026-08-01,Highway 19 Construction LLC,,,,SS 348 FROM LP 12 NB TO IH 35E NB DIRECT CONNECTOR,"DALLAS, TX",TX113,75220,TX,Site: TXDOT DAL 0581-02-156 SS 348,,,
EPA ECHO (TX),ECHO_TXR1508YY,TXR1508YY,Construction Stormwater NOI (1+ acre),2026-08-01,City Public Service Energy,,,,SE OF TX-211 & W GROSENBACHER RD,"SAN ANTONIO, TX",TX029,78245,TX,Site: PROMINENCE PHASE 3A,,,
EPA ECHO (TX),ECHO_TXR1586YX,TXR1586YX,Construction Stormwater NOI (1+ acre),2026-08-01,Construction Managers Of Austin LLC,,,,2100 WILLOW RUSH AVE,"BUDA, TX",TX453,78610,TX,Site: TURNERS CROSSING AMENITY CENTER,,,
EPA ECHO (TX),ECHO_TXR1526YW,TXR1526YW,Construction Stormwater NOI (1+ acre),2026-08-01,Texas Dewatering LLC,,,,ABOUT 500FT WEST ON RODNEY RAY BLVD FROM WAYNEMER,"HOUSTON, TX",TX201,77040,TX,Site: ROLLING FORK CHANNEL EROSION REPAIRS,,,
EPA ECHO (TX),ECHO_TXR1585YV,TXR1585YV,Construction Stormwater NOI (1+ acre),2026-08-01,Capital Excavation Company,,,,WEST OF THE INTERSECTION OF DAVY CROCKETT ROAD AND,"SAN ANTONIO, TX",TX029,78226,TX,Site: CONSOLIDATED FACILITY PACKAGE 4 DAVY CROCKETT ROADWAY,,,
EPA ECHO (TX),ECHO_TXR1543YX,TXR1543YX,Construction Stormwater NOI (1+ acre),2026-08-01,"Tellus Texas I, LLC",,,,WEST OF SUNRISE LANE AND MISCELLANY LANE,"CELINA, TX",TX121,75009,TX,Site: MOSAIC PHASE 5,,,
EPA ECHO (TX),ECHO_TXR1570YW,TXR1570YW,Construction Stormwater NOI (1+ acre),2026-08-01,"Austin Filter Systems, INC.",,,,SITE IS LOCATED APPROXIMATELY 0.65 MILES NORTH OF,"AUSTIN, TX",TX453,78754,TX,Site: LITTLE WALNUT CREEK - AARC - RUTHERFORD STORMWATER IMPRVMT,,,
EPA ECHO (TX),ECHO_TXR1502YX,TXR1502YX,Construction Stormwater NOI (1+ acre),2026-08-01,"Lennar Homes of Texas Land and Construction, Ltd.",,,,N OF THE INTERSECTION OF COUNTY LINE ROAD & PEDERN,"WILLIS, TX",TX339,77378,TX,Site: MAPLEWOOD - HOME BUILDING,,,
EPA ECHO (TX),ECHO_TXR1524YU,TXR1524YU,Construction Stormwater NOI (1+ acre),2026-08-01,Josh  Weems,,,,1505 QUINCY AVE,"LUBBOCK, TX",TX303,79416,TX,Site: BURGAMY PARK,,,
EPA ECHO (TX),ECHO_TXR1573YU,TXR1573YU,Construction Stormwater NOI (1+ acre),2026-08-01,Atmos Energy Corporation,,,,"THE PROJECT SERIES INCLUDES THE BRIGGS OFFSITE, LO","GEORGETOWN, TX",TX491,78626,TX,Site: NELSON BRIGGS SERIES,,,
EPA ECHO (TX),ECHO_TXR1577YT,TXR1577YT,Construction Stormwater NOI (1+ acre),2026-08-01,"ACC Houston, LLC",,,,1250 FM 1485 RD,"CONROE, TX",TX339,77301,TX,Site: ARCOSA CONROE,,,
EPA ECHO (TX),ECHO_TXR1505YV,TXR1505YV,Construction Stormwater NOI (1+ acre),2026-08-01,"24 BELLY PROPERTIES, LLC",,,,690 S FM 1626,"BUDA, TX",TX209,78610-9424,TX,Site: FM 1626 OFFICE PARK - PHASE 2,,,
EPA ECHO (TX),ECHO_TXR1512YX,TXR1512YX,Construction Stormwater NOI (1+ acre),2026-08-01,"Double Oak Construction, Inc.",,,,APPROX. 480 FEET SOUTHEAST OF CROSBY LYNCHBURG ROA,"CROSBY, TX",TX201,77532,TX,Site: SWEETGRASS VILLAGE PHASE 4,,,
EPA ECHO (TX),ECHO_TXR1519YX,TXR1519YX,Construction Stormwater NOI (1+ acre),2026-08-01,Jja Development LLC,,,,APPROX. 0.2 MILES NE OF MATHIS RD & STAR OAKS DR I,"ELMENDORF, TX",TX029,78112,TX,Site: SANDY OAKS ESTATES UNIT 2,,,
EPA ECHO (TX),ECHO_TXR1597YX,TXR1597YX,Construction Stormwater NOI (1+ acre),2026-08-01,Texas Department of Transportation,,,,FM227 FROM FM 2544 TO 3.3 MILES EAST OF FM 2544,"CROCKETT, TX",TX225,75835,TX,Site: TXDOT-LFK-0937-01-027,,,
EPA ECHO (TX),ECHO_TXR1529YW,TXR1529YW,Construction Stormwater NOI (1+ acre),2026-08-01,Davidson Homes LLC,,,,"ALONG FM 1044, APPROXIMATELY 3700 FEET NORTH OF TH","NEW BRAUNFELS, TX",TX187,78130,TX,Site: BLACKWELL SUBDIVISION UNIT 1,,,
EPA ECHO (TX),ECHO_TXR1561YX,TXR1561YX,Construction Stormwater NOI (1+ acre),2026-08-01,"Sv Sanger, LLC",,,,CHAPMAN DR SABLE CREEK BLVD,"SANGER, TX",TX121,76266,TX,Site: SANGER TOWN CENTER SOUTH,,,
EPA ECHO (TX),ECHO_TXR1579YV,TXR1579YV,Construction Stormwater NOI (1+ acre),2026-08-01,"Collier Construction, LLC",,,,"HS 16621 TX-36, WALLIS, TX 77485 MS 702 EDUCATOR L","WALLIS, TX",TX015,77485,TX,Site: BRAZOS ISD PROP A RENOVATIONS & ADDITIONS MS HS,,,
EPA ECHO (TX),ECHO_TXR1554YV,TXR1554YV,Construction Stormwater NOI (1+ acre),2026-08-01,Atmos Energy Corporation,,,,NORTHEAST OF MELISSA RD & STATE HWY 121,"MELISSA, TX",TX085,75454,TX,Site: MELISSA PARK VILLAGE,,,
EPA ECHO (TX),ECHO_TXR1560YW,TXR1560YW,Construction Stormwater NOI (1+ acre),2026-08-01,"M/I Homes of Houston, LLC",,,,APPROX. 700 FEET NORTHWEST FROM THE INTERSECTION O,"MONTGOMERY, TX",TX339,77316,TX,Site: BERRYKNOLL,,,
EPA ECHO (TX),ECHO_TXR1599YS,TXR1599YS,Construction Stormwater NOI (1+ acre),2026-08-01,"Associated Construction Partners, Ltd",,,,SITE IS LOCATED APPROXIMATELY 0.5 MILES EAST OF TH,"CAMERON, TX",TX331,76520,TX,Site: LITTLE RIVER PUMP STATION,,,
EPA ECHO (TX),ECHO_TXR1596YU,TXR1596YU,Construction Stormwater NOI (1+ acre),2026-08-01,Dish Retail Mart LLC,,,,9250 BLUESTEM LN,"DISH, TX",TX121,76247,TX,Site: DISH RETAIL MART,,,
EPA ECHO (TX),ECHO_TXR1562YX,TXR1562YX,Construction Stormwater NOI (1+ acre),2026-08-01,"VCC, LLC",,,,NORTH OF SPRING CREEK PKWY & WEST 300LF OF DALLAS,"PLANO, TX",TX085,75024,TX,Site: THE PLAZA AT SPRING CREEK,,,
EPA ECHO (TX),ECHO_TXR1538YU,TXR1538YU,Construction Stormwater NOI (1+ acre),2026-08-01,"DNT Construction, LLC",,,,NORTHWEST OF THE INTERSECTION OF AMMANN ROAD AND F,"FAIR OAKS RANCH, TX",TX259,78015,TX,Site: POST OAK PHASE 1,,,
EPA ECHO (TX),ECHO_TXR1597YW,TXR1597YW,Construction Stormwater NOI (1+ acre),2026-08-01,"C.W. Young Construction, L.P.",,,,NORTHEAST OF MONTALCINO BOULEVARD & BALTUSROL DRIV,"FLOWER MOUND, TX",TX121,75022,TX,Site: MONTALCINO ESTATES PH 4,,,
EPA ECHO (TX),ECHO_TXR1558YT,TXR1558YT,Construction Stormwater NOI (1+ acre),2026-08-01,"Restek Services, LLC",,,,1000 FM 2004 RD,"LA MARQUE, TX",TX167,77568,TX,Site: GULF GREYHOUND DEMO,,,
EPA ECHO (TX),ECHO_TXR1524YV,TXR1524YV,Construction Stormwater NOI (1+ acre),2026-08-01,"Nh Winstone, LP",,,,19777 CLAY RD,"KATY, TX",TX201,77449,TX,Site: HARTWOOD AT WINDSTONE,,,
EPA ECHO (TX),ECHO_TXR1581YU,TXR1581YU,Construction Stormwater NOI (1+ acre),2026-08-01,"Double Oak Construction, Inc.",,,,NORTH TO NORTHWEST OF CROSS PINES DRIVE,"NEW CANEY, TX",TX339,77357,TX,Site: CLEARING & GRUBBING PHASE 3 PLUM CREEK MANAGEMENT,,,
EPA ECHO (TX),ECHO_TXR1565YT,TXR1565YT,Construction Stormwater NOI (1+ acre),2026-08-01,"Tellus Texas Iii, LLC",,,,E FM 455 FROM S INTERURBAN STREET TO CR 424,"ANNA, TX",TX085,75409,TX,Site: SHERLEY FARMS FORCE MAIN,,,
EPA ECHO (TX),ECHO_TXR1572YW,TXR1572YW,Construction Stormwater NOI (1+ acre),2026-08-01,"Wd 30, LLC",,,,AT THE INTERSECTION OF ELMO WEEDON RD AND DYESS RD,"COLLEGE STATION, TX",TX041,77845,TX,Site: PRESIDIO PARK PH 1,,,
EPA ECHO (TX),ECHO_TXR1592YX,TXR1592YX,Construction Stormwater NOI (1+ acre),2026-08-01,Drees Custom Homes L.P.,,,,NORTHWEST OF COUNTY ROAD 276 & COUNTY ROAD 277,"MELISSA, TX",TX085,75454,TX,Site: CREEK VIEW,,,
EPA ECHO (TX),ECHO_TXR1569YX,TXR1569YX,Construction Stormwater NOI (1+ acre),2026-08-01,"4K Companies, LLC",,,,NE 23RD ST & NILES CITY BLVD,"FORT WORTH, TX",TX439,76106,TX,Site: SWIFT SITE DEMOLITION & CLEANUP,,,
EPA ECHO (TX),ECHO_TXR1525YV,TXR1525YV,Construction Stormwater NOI (1+ acre),2026-08-01,Toll Southwest LLC,,,,SOUTHWEST CORNER OF THE SUNDAY CREEK AND KINDER PA,"SAN ANTONIO, TX",TX029,78260,TX,Site: KINDER RANCH UNIT 10,,,
EPA ECHO (TX),ECHO_TXR1599YW,TXR1599YW,Construction Stormwater NOI (1+ acre),2026-08-01,"Cooper - Jensen Contractors, Inc.",,,,400 BAILEY RANCH RD,"ALEDO, TX",TX367,76008,TX,Site: TWITCH ATHLETICS,,,
EPA ECHO (TX),ECHO_TXR1536YT,TXR1536YT,Construction Stormwater NOI (1+ acre),2026-08-01,"The Struthoff Company, Inc.",,,,5800 E PARMER LN,"MANOR, TX",TX491,78653,TX,Site: MCDONALDS PARMER LN,,,
EPA ECHO (TX),ECHO_TXR1571YV,TXR1571YV,Construction Stormwater NOI (1+ acre),2026-08-01,"Ims Construction, LLC",,,,NW CORNER OF AUTUMN SAGE RD. & REBECCA LANE,"ABILENE, TX",TX441,79606,TX,Site: WAYFARE ABILENE,,,
EPA ECHO (TX),ECHO_TXR1512YU,TXR1512YU,Construction Stormwater NOI (1+ acre),2026-08-01,Gilleland Smith Construction Incorporated,,,,"W OF FM 1486, S OF LEGENDARY BLVD., APPROX 2 MILES","MONTGOMERY, TX",TX339,77316,TX,Site: MG COUNTIES 146C KRESSTON WWTP PH 1,,,
EPA ECHO (TX),ECHO_TXR1502YT,TXR1502YT,Construction Stormwater NOI (1+ acre),2026-08-01,"Drb Group Texas, LLC",,,,C.BUD STOCKTON LOOP AND CITATION DR.,"JARRELL, TX",TX491,76537,TX,Site: CALUMET,,,
EPA ECHO (TX),ECHO_TXR1544YW,TXR1544YW,Construction Stormwater NOI (1+ acre),2026-08-01,Pmb Swfw Dev Co Manager LLC,,,,SOUTHWEST OF ALEDO ROAD & MARKUM RANCH ROAD EAST,"FORT WORTH, TX",TX439,76126,TX,Site: VENTANA WEST WSIV 24 INCH WL,,,
EPA ECHO (TX),ECHO_TXR1544YV,TXR1544YV,Construction Stormwater NOI (1+ acre),2026-08-01,"Stovall Construction, INC.",,,,4700 S BUCKNER BLVD,"DALLAS, TX",TX113,75227,TX,Site: MCDONALDS DALLAS BUCKNER 42-3455,,,
EPA ECHO (TX),ECHO_TXR1543YT,TXR1543YT,Construction Stormwater NOI (1+ acre),2026-08-01,City Public Service Energy,,,,SE OF SOMERSET RD & TITAN XING,"SAN ANTONIO, TX",TX029,78073,TX,Site: TMM SOMERSET UNIT 4,,,
EPA ECHO (TX),ECHO_TXR1542YX,TXR1542YX,Construction Stormwater NOI (1+ acre),2026-08-01,"Serenity Wind 3, LLC",,,,THE SERENITY WEST WIND SITE IS LOCATED IN LAKE TAN,"AMARILLO, TX",TX381,79118,TX,Site: SERENITY WEST WIND,,,
EPA ECHO (TX),ECHO_TXR1509YV,TXR1509YV,Construction Stormwater NOI (1+ acre),2026-08-01,"Liberty Paving, LLC",,,,EAST OF ISLA BLANCA AND SANTA FE PARKWAY,"CLEVELAND, TX",TX291,77327,TX,Site: SANTA FE SECTION 10 PAVING GRADING & DRAINAGE IMPRVTS,,,
EPA ECHO (TX),ECHO_TXR1556YV,TXR1556YV,Construction Stormwater NOI (1+ acre),2026-08-01,Mission Site Services LLC,,,,NORTHEAST OF MELISSA RD & STATE HWY 121,"MELISSA, TX",TX085,75454,TX,Site: MELISSA PARK VILLAGE,,,
EPA ECHO (TX),ECHO_TXR1548YV,TXR1548YV,Construction Stormwater NOI (1+ acre),2026-08-01,"THE GONZALEZ GROUP, LP",,,,"ON THE WEST SIDE OF NANES DRIVE, JUST EAST OF ELLA","HOUSTON, TX",TX201,77090,TX,Site: ELLA SPRINGS 55 AND OVER COMMUNITY,,,
EPA ECHO (TX),ECHO_TXR1584YX,TXR1584YX,Construction Stormwater NOI (1+ acre),2026-08-01,"Postert Builders, LLC",,,,4912 HOLDEN CIR,"COLLEGE STATION, TX",TX041,77845,TX,Site: 4912 HOLDEN CIRCLE,,,
EPA ECHO (TX),ECHO_TXR1559YX,TXR1559YX,Construction Stormwater NOI (1+ acre),2026-08-01,"Masonwood HP, LTD, a Texas limited partnership",,,,17100 BLOCK HAMILTON POOL RD.,"BEE CAVE, TX",TX453,78738,TX,Site: PROVENCE PHASE 2 SECTION 1 2 & 3,,,
EPA ECHO (TX),ECHO_TXR1524YT,TXR1524YT,Construction Stormwater NOI (1+ acre),2026-08-01,"Yc Partners, LLC",,,,SOUTHEAST OF THE INTERSECTION OF HUBER RD AND RUDE,"SEGUIN, TX",TX187,78155,TX,Site: WALNUT BRANCH SUBDIVISION UNIT 1,,,
EPA ECHO (TX),ECHO_TXR1533YW,TXR1533YW,Construction Stormwater NOI (1+ acre),2026-08-01,"Shooter And Lindsey, LLC",,,,MASON ROAD AND NORTH BRIDGELAND LAKE PARKWAY,"CYPRESS, TX",TX201,77433,TX,Site: BRIDGELAND CENTRAL 5 & 8 LAKE EDGE AND RESERVES,,,
EPA ECHO (TX),ECHO_TXR1597YV,TXR1597YV,Construction Stormwater NOI (1+ acre),2026-08-01,"Aus-Tex Parts And Service, Ltd",,,,NORTHEAST OF THE INTERSECTION OF STAG HORN PASS AN,"KYLE, TX",TX209,78640,TX,Site: GREAT HILLS SECTION 8,,,
EPA ECHO (TX),ECHO_TXR1521YV,TXR1521YV,Construction Stormwater NOI (1+ acre),2026-08-01,"Ranger Excavating, L.P.",,,,SOUTHEAST CORNER OF COUNTY ROAD 314 COUNTY ROAD 33,"JARRELL, TX",TX491,76537,TX,Site: YELLOWSTONE,,,
EPA ECHO (TX),ECHO_TXR1525YW,TXR1525YW,Construction Stormwater NOI (1+ acre),2026-08-01,"First Texas Homes, Inc.",,,,SOUTHEAST OF WESTMORELAND ROAD & SHADY MEADOW LANE,"GLENN HEIGHTS, TX",TX139,75154,TX,Site: BRIDGES AT LITTLE CREEK CLEARING,,,
EPA ECHO (TX),ECHO_TXR1592YU,TXR1592YU,Construction Stormwater NOI (1+ acre),2026-08-01,"Times Construction, Inc.",,,,5803 BELLFORT ST,"HOUSTON, TX",TX201,77033,TX,Site: EDGEWOOD PARK COMMUNITY CENTER,,,
EPA ECHO (TX),ECHO_TXR1598YX,TXR1598YX,Construction Stormwater NOI (1+ acre),2026-08-01,"Shooter And Lindsey, LLC",,,,AT THE INTERSECTION WITH PEEK ROAD & NORTH BRIDGEL,"CYPRESS, TX",TX201,77433,TX,Site: PRAIRIELAND PEEK 6 MEDIANS & WEST SIDE,,,
EPA ECHO (TX),ECHO_TXR1553YV,TXR1553YV,Construction Stormwater NOI (1+ acre),2026-08-01,Lakeview LLP,,,,SW OF INTERSECTION OF JERNIGAN RD AND DOVE TRAIL,"COPPER CANYON, TX",TX121,75077,TX,Site: JERNIGAN ESTATES,,,
EPA ECHO (TX),ECHO_TXR1509YY,TXR1509YY,Construction Stormwater NOI (1+ acre),2026-08-01,"Lennar Homes of Texas Land and Construction, Ltd.",,,,0.75 MILES N OF INTERSECTION S LOOP 1604 & TX 16,"SAN ANTONIO, TX",TX029,78264,TX,Site: ELM CREEK SOUTHERN BROOK - HOME BUILDING,,,
EPA ECHO (TX),ECHO_TXR1578YT,TXR1578YT,Construction Stormwater NOI (1+ acre),2026-08-01,M. A. Mortenson Company,,,,NEAR THE INTERSECTION OF US HWY 287 W AND FM 2384,"ELECTRA, TX",TX485,76360,TX,Site: WICHITA SOLAR SOUTH,,,
EPA ECHO (TX),ECHO_TXR1506YT,TXR1506YT,Construction Stormwater NOI (1+ acre),2026-08-01,"Weekley Homes, LLC",,,,1 REVEILLE CT,"HUNTSVILLE, TX",TX471,77340,TX,Site: 1 REVEILLE COURT,,,
EPA ECHO (TX),ECHO_TXR1515YW,TXR1515YW,Construction Stormwater NOI (1+ acre),2026-08-01,Gamma Construction Company,,,,3355 SOUTH GULF FREEWAY,"LEAGUE CITY, TX",TX167,77573,TX,Site: KELSEY SEYBOLD LEAGUE CITY OFFSITE UTILITIES,,,
EPA ECHO (CA),ECHO_CAR10I04Z,CAR10I04Z,Construction Stormwater NOI (1+ acre),2026-07-24,Soboba Economic Development Corporation  EDC,,,,23121 SOBOBA RD,"SAN JACINTO, CA",,92583,CA,Site: SEDC - SOVOVATUM VILLAGE PHASE II,,,
EPA ECHO (IL),ECHO_ILR10ZH7U,ILR10ZH7U,Construction Stormwater NOI (1+ acre),2026-07-24,Plocher Construction Company Inc.,,,,7901 S HARKERS CORNER RD,"GLASFORD, IL",,61533,IL,Site: MAPLERIDGE SUBSTATION EXPANSION,,,
EPA ECHO (MA),ECHO_MAR1006FS,MAR1006FS,Construction Stormwater NOI (1+ acre),2026-07-24,"Starboard Homes, LLC",,,,0 BALLARD RD,"ASHLAND, MA",,01721,MA,Site: HIGHLAND RD AND BALLARD RD,,,
EPA ECHO (IL),ECHO_ILR10ZH7T,ILR10ZH7T,Construction Stormwater NOI (1+ acre),2026-07-24,TCB Management LLC,,,,3S140 TALBOT AVE,"WARRENVILLE, IL",,60555,IL,Site: 3S140 TALBOT AVE WARRENVILLE,,,
EPA ECHO (NM),ECHO_NMR10081K,NMR10081K,Construction Stormwater NOI (1+ acre),2026-07-24,TAOS COUNTY GOVERNMENT,,,,1385 WIEMER RD.,"TAOS, NM",,87571,NM,Site: HOLY CROSS MEDICAL CENTER,,,
EPA ECHO (IL),ECHO_ILR10ZH7V,ILR10ZH7V,Construction Stormwater NOI (1+ acre),2026-07-24,ARCO/Murray,,,,1400 NORTHFIELD MEADOWS BLVD,"BOURBONNAIS, IL",,60914,IL,Site: M2-349 INDOOR WATER PARK,,,
EPA ECHO (NM),ECHO_NMR10081J,NMR10081J,Construction Stormwater NOI (1+ acre),2026-07-24,Grant County,,,,"LITTLE WALNUT RD, TRAIL RDG. RD TO CLEAVLAND MINE","SILVER CITY, NM",,88061,NM,Site: LITTLE WALNUT ROAD IMPROVEMENTS PROJECT PHASE II,,,
EPA ECHO (MA),ECHO_MAR1006FR,MAR1006FR,Construction Stormwater NOI (1+ acre),2026-07-24,"Jeanson Builders Contracting, Inc",,,,6 SPECTACLE POND ROAD,"LITTLETON, MA",,01460,MA,Site: 6 SPECTACLE POND ROAD,,,
EPA ECHO (NH),ECHO_NHR1002BK,NHR1002BK,Construction Stormwater NOI (1+ acre),2026-07-24,Josh St. Hilaire,,,,6 COLONIAL WAY,"BARRINGTON, NH",,03825,NH,Site: ST. HILAIRE MOTORSPORTS EXPANSION,,,
EPA ECHO (NH),ECHO_NHR1002BR,NHR1002BR,Construction Stormwater NOI (1+ acre),2026-07-24,"Legacy Power, LLC",,,,936 NH ROUTE 120,"PLAINFIELD, NH",,03781,NH,Site: KEARSARGE PLAINFIELD SOLAR,,,
EPA ECHO (IL),ECHO_ILR10ZH7Q,ILR10ZH7Q,Construction Stormwater NOI (1+ acre),2026-07-24,TBD,,,,UNION PACIFIC RAILROAD & MILLSDALE ROAD,"JOLIET, IL",,60421,IL,Site: TCIH - UPRR BRIDGE,,,
EPA ECHO (IL),ECHO_ILR10ZH7R,ILR10ZH7R,Construction Stormwater NOI (1+ acre),2026-07-24,TBD,,,,IL ROUTE 53 & EAST COMPASS BOULEVARD,"JOLIET, IL",,60421,IL,Site: TCIH - PHASE 2A,,,
EPA ECHO (IL),ECHO_ILR10ZH7S,ILR10ZH7S,Construction Stormwater NOI (1+ acre),2026-07-24,CORE Construction,,,,300 SOUTH HARRISON STREET,"COLFAX, IL",,61728,IL,Site: RIDGEVIEW CUSD 19 ADDITIONS & RENOVATIONS,,,
EPA ECHO (AL),ECHO_ALR10BHE3,ALR10BHE3,Construction Stormwater NOI (1+ acre),2026-07-23,"RAM-Kingfisher Subdivision Partners, LLC",,,,NORTHWEST OF THE US HIGHWAY 278 AND COUNTY ROAD 16,"CULLMAN, AL",AL043,35058,AL,Site: KING FISHER FARMS,,,
EPA ECHO (AK),ECHO_AKR10H16N,AKR10H16N,Construction Stormwater NOI (1+ acre),2026-07-23,Kit Larson,,,,VANDENBERG AVENUE,"JBER, AK",AK020,99506,AK,Site: F-22 FUEL DISPENSING SYSTEM,,,
EPA ECHO (AL),ECHO_ALR10C3DE,ALR10C3DE,Construction Stormwater NOI (1+ acre),2026-07-23,City of Athens Public Works,,,,1004 E PRYOR ST,"ATHENS, AL",AL083,35611,AL,Site: SUNRISE PARK,,,
EPA ECHO (SD),ECHO_SDR10P5YZ,SDR10P5YZ,Construction Stormwater NOI (1+ acre),2026-07-23,SD Department of Transportation,,,,487TH AVE,"VALLEY SPRINGS, SD",,57068,SD,Site: PCN 09G4,,,
EPA ECHO (IL),ECHO_ILR10ZH7L,ILR10ZH7L,Construction Stormwater NOI (1+ acre),2026-07-23,"Sky Harbour Group, LLC",,,,1089-1097 S. MILWAUKEE AVENUE,"WHEELING, IL",,60090,IL,Site: PWK HOME BASE CAMPUS,,,
EPA ECHO (AL),ECHO_ALR10C8BV,ALR10C8BV,Construction Stormwater NOI (1+ acre),2026-07-23,"CS Beatty Construction, Inc",,,,260 MILAN PARKWAY,"BIRMINGAHAM, AL",AL073,35211,AL,Site: SAND RIDGE SUBSTATION,,,
EPA ECHO (AL),ECHO_ALR10C8BT,ALR10C8BT,Construction Stormwater NOI (1+ acre),2026-07-23,City of Birmingham,,,,41ST STREET,"BIRMINGHAM, AL",AL073,35222,AL,Site: 41ST STREET STREETSCAPE FROM 1ST AVENUE SOUTH TO 5TH AVENUE SOUTH BIRMINGHAM AL,,,
EPA ECHO (AL),ECHO_ALR10C61P,ALR10C61P,Construction Stormwater NOI (1+ acre),2026-07-23,"Wanzek Construction, Inc.",,,,1575 BOARDWALK RD,"GAINESTOWN, AL",AL025,36540,AL,Site: WALKER SPRINGS I SOLAR,,,
EPA ECHO (AL),ECHO_ALR10C6QE,ALR10C6QE,Construction Stormwater NOI (1+ acre),2026-07-23,City of Athens,,,,14326 MOORESVILLE RD,"ATHENS, AL",AL083,35611,AL,Site: FRENCH MILL,,,
EPA ECHO (AL),ECHO_ALR10C70L,ALR10C70L,Construction Stormwater NOI (1+ acre),2026-07-23,C & R FARMS LLC,,,,0 COUNTY ROAD 83,"ELBERTA, AL",AL003,36530,AL,Site: HERITAGE FARMS,,,
EPA ECHO (IL),ECHO_ILR10ZH7O,ILR10ZH7O,Construction Stormwater NOI (1+ acre),2026-07-23,Fager McGee Commercial Construction,,,,1117 NORTH 2ND STREET,"MURPHYSBORO, IL",,62966,IL,"Site: MURPHYSBORO, IL - PRESS ADDITION",,,
EPA ECHO (IL),ECHO_ILR10ZH7K,ILR10ZH7K,Construction Stormwater NOI (1+ acre),2026-07-23,Bannockburn Investment Group,,,,2805 TELEGRAPH RD,"BANNOCKBURN, IL",,60015,IL,Site: PROPOSED TELEGRAPH RD. SUBDIVISION,,,
EPA ECHO (FL),ECHO_FLR10YP71,FLR10YP71,Construction Stormwater NOI (1+ acre),2026-07-23,Adams Homes of NW Florida Inc,,,,5391 MIDWAY LN,"LAKELAND, FL",,33810,FL,Site: KNIGHTS LANDING PH2,,,
EPA ECHO (NM),ECHO_NMR10081I,NMR10081I,Construction Stormwater NOI (1+ acre),2026-07-23,Deming Excavating Inc,,,,LITTLE WALNUT RD FROM OLD LITTLE WALNUT RD,"SILVER CITY, NM",,88061,NM,Site: LITTLE WALNUT ROAD IMPROVEMENTS PH II,,,
EPA ECHO (SD),ECHO_SDR10P601,SDR10P601,Construction Stormwater NOI (1+ acre),2026-07-23,SD Department of Transportation,,,,344TH AVE,"REE HEIGHTS, SD",,57371,SD,Site: PCN 09MP,,,
EPA ECHO (AL),ECHO_ALR10C5G2,ALR10C5G2,Construction Stormwater NOI (1+ acre),2026-07-23,"Beelman Management, LLC",,,,412 INDUSTRIAL PARK ROAD,"MONTEVALLO, AL",AL117,35115,AL,Site: BEELMAN PARKING FACILITY,,,
EPA ECHO (AL),ECHO_ALR10C5R3,ALR10C5R3,Construction Stormwater NOI (1+ acre),2026-07-23,"Righteous Partners, LLC",,,,MRS. JAMES RD,"AUBURN, AL",AL081,36830,AL,Site: OLD SAMFORD POD 1,,,
EPA ECHO (SD),ECHO_SDR10P5YV,SDR10P5YV,Construction Stormwater NOI (1+ acre),2026-07-23,SD Department of Transportation,,,,INTERSTATE-90,"RAPID CITY, SD",,57701,SD,Site: PCN 080J,,,
EPA ECHO (AL),ECHO_ALR10C8BX,ALR10C8BX,Construction Stormwater NOI (1+ acre),2026-07-23,Southern Technology Professional Consulting Services LLC,,,,2481 N BELT DR,"MONTGOMERY, AL",AL101,36110,AL,Site: SOUTHERN TECH,,,
EPA ECHO (SD),ECHO_SDR10P603,SDR10P603,Construction Stormwater NOI (1+ acre),2026-07-23,SD Department of Transportation,,,,38801-38899 280TH ST,"ARMOUR, SD",,57313,SD,Site: PCN 0AL0,,,
EPA ECHO (AL),ECHO_ALR10C1ZM,ALR10C1ZM,Construction Stormwater NOI (1+ acre),2026-07-23,"J.C. Development Company, LLC",,,,ATHENS-LIMESTONE BLVD,"ATHENS, AL",AL083,35613,AL,Site: BAINBRIDGE SUBDIVISION,,,
EPA ECHO (FL),ECHO_FLR10YQ06,FLR10YQ06,Construction Stormwater NOI (1+ acre),2026-07-23,"Wallace Construction Group, LLC",,,,--,"WESLEY CHAPEL, FL",,33544,FL,Site: WIREGRASS M3 - FMC,,,
EPA ECHO (NH),ECHO_NHR1002BP,NHR1002BP,Construction Stormwater NOI (1+ acre),2026-07-23,Michels Power Inc,,,,TROW HILL ROAD,"MULTIPLE, NH",,03782,NH,Site: M127 TRANSMISSION LINE STRUCTURE REPLACEMENT PROJECT,,,
EPA ECHO (SD),ECHO_SDR10P602,SDR10P602,Construction Stormwater NOI (1+ acre),2026-07-23,SD Department of Transportation,,,,SD44,"BURKE, SD",,57523,SD,Site: PCN 05X0,,,
EPA ECHO (AL),ECHO_ALR10C5ZY,ALR10C5ZY,Construction Stormwater NOI (1+ acre),2026-07-23,John Plott Company Inc.,,,,5921 NEW WATERMELON ROAD,"TUSCALOOSA, AL",AL125,35406,AL,Site: PLOTT - ROSEWOOD,,,
EPA ECHO (AL),ECHO_ALR10C282,ALR10C282,Construction Stormwater NOI (1+ acre),2026-07-23,"Prime Group Development, LLC",,,,HUNTSVILLE-BROWNSFERRY RD,"MADISON, AL",AL083,35756,AL,Site: HUNTSVILLE BROWNSFERRY DEVELOPMENT,,,
EPA ECHO (AL),ECHO_ALR10C0W6,ALR10C0W6,Construction Stormwater NOI (1+ acre),2026-07-23,"MU, LLC",,,,MINUTEMAN DR,"ATHENS, AL",AL083,35611,AL,Site: NELSON FARM,,,
EPA ECHO (ID),ECHO_IDR10C266,IDR10C266,Construction Stormwater NOI (1+ acre),2026-07-23,Kreizenbeck Constructors,,,,11511 W LAKE HAZEL RD,"BOISE, ID",ID001,83709,ID,Site: RISEN CHRIST CATHOLIC COMMUNITY SANCTUARY EXPANSION,,,
EPA ECHO (AL),ECHO_ALR10C7C4,ALR10C7C4,Construction Stormwater NOI (1+ acre),2026-07-23,"Russell Construction of Alabama, Inc.",,,,SOUTHWEST OF 944 WALLAHATCHIE ROAD.,"PIKE ROAD, AL",AL101,36064,AL,Site: PIKE ROAD ARTS DISTRICT,,,
EPA ECHO (AL),ECHO_ALR10C5G4,ALR10C5G4,Construction Stormwater NOI (1+ acre),2026-07-23,"AMAC Design Builders, LLC",,,,1801 20TH AVENUE EAST,"JASPER, AL",AL127,35501,AL,Site: LIBERTY PLACE SUBDIVISION,,,
EPA ECHO (AL),ECHO_ALR10C6L4,ALR10C6L4,Construction Stormwater NOI (1+ acre),2026-07-23,Deluxeton Homes of Alabama LLC,,,,12315 BURGREEN RD.,"MADISON, AL",AL083,35756,AL,Site: 12315 BURGREEN RD. SUBDIVISION,,,
EPA ECHO (AL),ECHO_ALR10C187,ALR10C187,Construction Stormwater NOI (1+ acre),2026-07-23,"Incredible Partners, LLC",,,,DOUGLAS ST,"OPELIKA, AL",AL081,36801,AL,Site: FOX RUN EXTENSION,,,
EPA ECHO (AL),ECHO_ALR10C8BS,ALR10C8BS,Construction Stormwater NOI (1+ acre),2026-07-23,"Safety Pros, LLC",,,,WIRE LANE/TYSON LANE,"TUSKEGEE, AL",AL087,36083,AL,Site: EP-SP TRAINING FACILITY,,,
EPA ECHO (AL),ECHO_ALR10C8BW,ALR10C8BW,Construction Stormwater NOI (1+ acre),2026-07-23,"D.R. Horton, Inc.",,,,HWY 31,"GARDENDALE, AL",AL073,35071,AL,Site: D.R. HORTON - THE TOWNES ON MAIN,,,
EPA ECHO (SD),ECHO_SDR10P5YW,SDR10P5YW,Construction Stormwater NOI (1+ acre),2026-07-23,SD Department of Transportation,,,,14956 225TH ST,"BOX ELDER, SD",,57719,SD,Site: PCN 09QH,,,
EPA ECHO (FL),ECHO_FLR10YQ03,FLR10YQ03,Construction Stormwater NOI (1+ acre),2026-07-23,Walden Square,,,,2600 SOUTH BAPTIST CHURCH ROAD,"PLANT CITY, FL",,33563,FL,Site: WALDEN SQUARE,,,
EPA ECHO (AL),ECHO_ALR10C67G,ALR10C67G,Construction Stormwater NOI (1+ acre),2026-07-23,"Evergreen Sitework, LLC",,,,N DONAHUE DR,"AUBURN, AL",AL081,36830,AL,Site: AUBURN HIGH SCHOOL #2,,,
EPA ECHO (AL),ECHO_ALR10C71D,ALR10C71D,Construction Stormwater NOI (1+ acre),2026-07-23,Vericon Construction Company LLC,,,,2288 WINCHESTER ROAD NE,"HUNTSVILLE, AL",AL089,35811,AL,Site: FIFTH THIRD - WINCHESTER RD,,,
EPA ECHO (AL),ECHO_ALR10C17L,ALR10C17L,Construction Stormwater NOI (1+ acre),2026-07-23,"Winter Homes Investment Properties, LLC",,,,SHADOW CREEK DRIVE,"ATHENS, AL",AL083,35613,AL,Site: SHADOW CREEK,,,
EPA ECHO (IL),ECHO_ILR10ZH7M,ILR10ZH7M,Construction Stormwater NOI (1+ acre),2026-07-23,TBD,,,,800 S. WEBER RD,"ROMEOVILLE, IL",,60446,IL,Site: RENWICK ROAD PLAZA (#21999),,,
EPA ECHO (CO),ECHO_COR10I01S,COR10I01S,Construction Stormwater NOI (1+ acre),2026-07-23,NUNN Construction,,,,CO,"DURANGO, CO",,81303,CO,Site: SUIT RECOVERY HOUSING,,,
EPA ECHO (AL),ECHO_ALR10C7B6,ALR10C7B6,Construction Stormwater NOI (1+ acre),2026-07-23,City of Athens,,,,INTERSECTION OF ELM STREET AND US-31,"ATHENS, AL",AL083,35611,AL,Site: US-31 TAP PROJECT - TAPUC-TA24(908),,,
EPA ECHO (DC),ECHO_DCR1000EH,DCR1000EH,Construction Stormwater NOI (1+ acre),2026-07-23,Taylor Sweeney,,,,5600 EADS ST NE,"WASHINGTON, DC",,20019,DC,Site: DREW ES MODERNIZATION,,,
EPA ECHO (AK),ECHO_AKR10H0SF,AKR10H0SF,Construction Stormwater NOI (1+ acre),2026-07-23,Cade Smith,,,,MILE 101 GLENN HIGHWAY,"GLACIER VIEW, AK",AK170,99674,AK,Site: W SECTION LINE EASEMENT TRAIL DEVELOPMENT PROJECT IN GLACIER VIEW,,,
EPA ECHO (AL),ECHO_ALR10C64L,ALR10C64L,Construction Stormwater NOI (1+ acre),2026-07-23,City of Tuscumbia,,,,INTERSECTION OF US-72 & HOWELL HEFLIN LN,"TUSCUMBIA, AL",AL033,35674,AL,Site: NORTH ALABAMA WELCOME CENTER,,,
EPA ECHO (ID),ECHO_IDR10C264,IDR10C264,Construction Stormwater NOI (1+ acre),2026-07-23,Wood Brothers Trucking,,,,1907 W JEFFERSON ST,"BOISE, ID",ID001,83702,ID,Site: JEFFRIE BROWNSTONES,,,
EPA ECHO (ID),ECHO_IDR10C265,IDR10C265,Construction Stormwater NOI (1+ acre),2026-07-23,Hensel Phelps,,,,6990 KUNA MORE ROAD,"KUNA, ID",ID001,83634,ID,Site: KND 3/5 PHASE 2B,,,
EPA ECHO (FL),ECHO_FLR10YQ08,FLR10YQ08,Construction Stormwater NOI (1+ acre),2026-07-23,"WMG Acquisitions, LLC",,,,1061 W PRICE BLVD,"NORTH PORT, FL",,34288-1808,FL,Site: FIFTH THIRD BANK #250113,,,
EPA ECHO (IL),ECHO_ILR10ZH7P,ILR10ZH7P,Construction Stormwater NOI (1+ acre),2026-07-23,Carl Sandburg College,,,,2400 TOM L. WILSON BLVD.,"GALESBURG, IL",,61401,IL,Site: CARL SANDBURG COLLEGE - CHARGER CENTER PROJECT,,,
EPA ECHO (NH),ECHO_NHR1002BQ,NHR1002BQ,Construction Stormwater NOI (1+ acre),2026-07-23,"Legacy Power, LLC",,,,RIVER STREET,"CLAREMONT, NH",,03743,NH,Site: KEARSARGE CLAREMONT SOLAR,,,
EPA ECHO (FL),ECHO_FLR10YQ05,FLR10YQ05,Construction Stormwater NOI (1+ acre),2026-07-23,AUREATE CONSTRUCTION GROUP LLC,,,,5600 MARINER ST,"TAMPA, FL",,33609-3417,FL,Site: USF GOLF COURSE,,,
EPA ECHO (SD),ECHO_SDR10P5YX,SDR10P5YX,Construction Stormwater NOI (1+ acre),2026-07-23,SD Department of Transportation,,,,464TH AVE,"RUTLAND, SD",,57057,SD,Site: PCN 09M2,,,
EPA ECHO (FL),ECHO_FLR10YQ09,FLR10YQ09,Construction Stormwater NOI (1+ acre),2026-07-23,"Thomas Marine Construction, Inc.",,,,IMMOKALEE RD (CR 846),"IMMOKALEE, FL",,34142,FL,Site: IMMOKALEE RD SHOULDER IMPROVEMENT SCOP PH2,,,
EPA ECHO (AL),ECHO_ALR107335,ALR107335,Construction Stormwater NOI (1+ acre),2026-07-23,Hyundai Motor Manufacturing Alabama LLC,,,,700 HYUNDAI BOULEVARD,"MONTGOMERY, AL",AL101,36105,AL,Site: HYUNDAI MOTOR MANUFACTURING,,,
EPA ECHO (AL),ECHO_ALR10C1EB,ALR10C1EB,Construction Stormwater NOI (1+ acre),2026-07-23,"Holland Homes, LLC",,,,SHILOH CREEK DR,"CALERA, AL",AL117,35040,AL,"Site: SHILOH CREEK SUBDIVISION, PHASE II",,,
EPA ECHO (AL),ECHO_ALR10C8BU,ALR10C8BU,Construction Stormwater NOI (1+ acre),2026-07-23,"BellSouth Telecommunications, LLC dba AT&T Services, Inc.",,,,HIGHWAY 113 FROM FOSHEE ROAD TO I-65,"FLOMATON, AL",AL053,36426,AL,"Site: AT&T HWY 113, FLOMATON, AL A05ERGN",,,
EPA ECHO (AL),ECHO_ALR10C6HH,ALR10C6HH,Construction Stormwater NOI (1+ acre),2026-07-23,"Wanzek Construction, Inc.",,,,1605 BOARDWALK RD,"GAINESTOWN, AL",AL025,36540,AL,Site: WALKER SPRINGS II SOLAR,,,
EPA ECHO (AL),ECHO_ALR10C7ZW,ALR10C7ZW,Construction Stormwater NOI (1+ acre),2026-07-23,"Solid Waste Disposal Authority of Baldwin County, Alabama, Inc.",,,,14200 COUNTY ROAD 64,"LOXLEY, AL",AL003,36551,AL,Site: MACBRIDE LANDFILL ACCESS ROAD EXTENSION,,,
EPA ECHO (AL),ECHO_ALR10C8BR,ALR10C8BR,Construction Stormwater NOI (1+ acre),2026-07-23,"Standing Boy Properties, L.L.C.",,,,953 OPELIKA RD,"AUBURN, AL",AL081,36830,AL,Site: 953 OPELIKA ROAD DEMOLITION,,,
EPA ECHO (NH),ECHO_NHR1002BO,NHR1002BO,Construction Stormwater NOI (1+ acre),2026-07-22,"Wal-Mart Stores East, LP",,,,42 FREETOWN ROAD,"RAYMOND, NH",,03077,NH,Site: #06030-1011 - WALMART DC TRUCK GATE RELOCATION,,,
EPA ECHO (AL),ECHO_ALR10C63F,ALR10C63F,Construction Stormwater NOI (1+ acre),2026-07-22,"Halle Properties, LLC",,,,1250 VETERANS MEMORIAL PKWY,"TUSCALOOSA, AL",AL125,35404,AL,Site: 1250 VETERANS MEMORIAL PKWY,,,
EPA ECHO (NM),ECHO_NMR10I0AT,NMR10I0AT,Construction Stormwater NOI (1+ acre),2026-07-22,Yellow Jacket Drilling Services,,,,BOTELLO ROAD,"MESCALERO, NM",,88340,NM,Site: MESCALERO APACHE TRIBE REPLACEMENT OF STATE WELL #1,,,
EPA ECHO (AL),ECHO_ALR10C7FY,ALR10C7FY,Construction Stormwater NOI (1+ acre),2026-07-22,"Family Legacy Rental Properties, LLC",,,,HOLT PETERSON ROAD,"BROOKWOOD, AL",AL125,35444,AL,Site: RV AND BOAT STORAGE FOR TIM HAGOOD,,,
EPA ECHO (IL),ECHO_ILR10ZH7D,ILR10ZH7D,Construction Stormwater NOI (1+ acre),2026-07-22,TBD,,,,SOUTHEAST CORNER OF IL-47 & I-88,"SUGAR GROVE, IL",,60554,IL,Site: THE GROVE INTERCEPTOR SEWER - PHASE 2 & 3,,,
EPA ECHO (IL),ECHO_ILR10ZH7I,ILR10ZH7I,Construction Stormwater NOI (1+ acre),2026-07-22,"Nerge Real Estate, LLC",,,,199 E NERGE ROAD,"ROSELLE, IL",,60172,IL,Site: LUCKY ESTATES,,,
EPA ECHO (AL),ECHO_ALR10C2TH,ALR10C2TH,Construction Stormwater NOI (1+ acre),2026-07-22,"Alabama Graphite Products, LLC DBA Westwater Resources",,,,349 MCCLELLAN INDUSTRIAL DR,"KELLYTON, AL",AL037,35089,AL,"Site: ALABAMA GRAPHITE PRODUCTS, LLC - KELLYTON GRAPHITE PROCESSING PLANT (PHASE 2)",,,
EPA ECHO (AK),ECHO_AKR10H16K,AKR10H16K,Construction Stormwater NOI (1+ acre),2026-07-22,Alfredo Villalobos,,,,POINT MCKENZIE INDUSTRIAL AREA,"POINT MCKENZIE, AK",AK170,99654,AK,Site: ANTIMONY MILLS FACILITY SITE,,,
EPA ECHO (AL),ECHO_ALR10C6F3,ALR10C6F3,Construction Stormwater NOI (1+ acre),2026-07-22,"Majestic Partners, LLC",,,,HUNDLEY DRIVE,"ENTERPRISE, AL",AL031,36330,AL,Site: HUNTERS HILL SUBDIVISION,,,
EPA ECHO (AL),ECHO_ALR10C8B9,ALR10C8B9,Construction Stormwater NOI (1+ acre),2026-07-22,"SA Graham Company, Inc.",,,,943 PIKE COUNTY LAKE ROAD,"TROY, AL",AL109,36079,AL,Site: BIG CREEK FARMS,,,
EPA ECHO (MA),ECHO_MAR1006FQ,MAR1006FQ,Construction Stormwater NOI (1+ acre),2026-07-22,RAE Contracting LLC,,,,142 MIDDLESEX ROAD,"TYNGSBORO, MA",,01879,MA,Site: 142 MIDDLESEX ROAD,,,
EPA ECHO (IL),ECHO_ILR10ZGYK,ILR10ZGYK,Construction Stormwater NOI (1+ acre),2026-07-22,TBD,,,,925 GRAND CANYON PARKWAY,"HOFFMAN ESTATES, IL",,60169,IL,Site: COMMUNITY PARK POND RESTORATION PROJECT,,,
EPA ECHO (NM),ECHO_NMR10081H,NMR10081H,Construction Stormwater NOI (1+ acre),2026-07-22,VILLAGE OF LOS LUNAS,,,,1501 LOS CERRITOS RD. NW,"LOS LUNAS, NM",,87031,NM,Site: LOS CERRITOS PARK,,,
EPA ECHO (PR),ECHO_PRR1000N6,PRR1000N6,Construction Stormwater NOI (1+ acre),2026-07-22,"Sustech, LLC",,,,"CARR PR-169, KM. 4.4,","GUAYNABO, PR",,00969,PR,Site: MW GUAYNABO,,,
EPA ECHO (IL),ECHO_ILR10ZH7J,ILR10ZH7J,Construction Stormwater NOI (1+ acre),2026-07-22,Swingler Construction,,,,206 S. SHILOH DR.,"MT. VERNON, IL",,62864,IL,Site: THE ARENA TRAMPOLINE PARK,,,
EPA ECHO (AL),ECHO_ALR10C8BN,ALR10C8BN,Construction Stormwater NOI (1+ acre),2026-07-22,"STNL Tuscaloosa, LLC",,,,4730 HARKEY LN,"TUSCALOOSA, AL",AL125,35406,AL,"Site: ANIMAL MEDICAL CENTER, TUSCALOOSA",,,
EPA ECHO (AL),ECHO_ALR10C6MT,ALR10C6MT,Construction Stormwater NOI (1+ acre),2026-07-22,"MHH, INC",,,,0 JORDAN ROAD NE,"HUNTSVILLE, AL",AL089,35811,AL,Site: JORDAN CROSSING SUBDIVISION,,,
EPA ECHO (IL),ECHO_ILR10ZH68,ILR10ZH68,Construction Stormwater NOI (1+ acre),2026-07-22,Feutz Contractors Inc.,,,,3201 LEARNING LANE,"CHAMPAIGN, IL",,61822,IL,Site: WALNUT GROVE PHASE 1 - CHAMPAIGN,,,
EPA ECHO (AK),ECHO_AKR10H16L,AKR10H16L,Construction Stormwater NOI (1+ acre),2026-07-22,Ken Griner,,,,TASHA DRIVE; FLAMINGO DR. TO NORTHWOOD ST.,"ANCHORAGE, AK",AK020,99502,AK,Site: TASHA DRIVE RECONSTRUCTION FLAMINGO DR. TO NORTHWOOD ST,,,
EPA ECHO (MN),ECHO_MNR10I03U,MNR10I03U,Construction Stormwater NOI (1+ acre),2026-07-22,Carlton County Transportation Department,,,,1225 MISSION ROAD,"CLOQUET, MN",,55720,MN,Site: SAP# 009-625-003 - MISSION ROAD REHABILITATION,,,
EPA ECHO (AL),ECHO_ALR10BET7,ALR10BET7,Construction Stormwater NOI (1+ acre),2026-07-22,"Brick House Rentals, LLC",,,,COUNTY ROAD 703 ADJACENT TO NEW LIFE CHURCH,"CULLMAN, AL",AL043,35055,AL,Site: THE VILLAGE,,,
EPA ECHO (SD),ECHO_SDR10P5ZR,SDR10P5ZR,Construction Stormwater NOI (1+ acre),2026-07-22,Conti Federal Services LLC,,,,"BLDG7405,DUE NORTH OF 2125 SCOTT DR, ELLSWORTH AFB","ELLSWORTH, SD",,57706,SD,Site: ELLSWORTH B-21 ADD FLIGHT SIM PHASE 2,,,
EPA ECHO (AL),ECHO_ALR10C6FW,ALR10C6FW,Construction Stormwater NOI (1+ acre),2026-07-22,JPM Dream Homes & Investments LLC,,,,BROWDER DRIVE,"THEODORE, AL",AL097,36582,AL,Site: HIGHLAND OAKS PHASE 1,,,
EPA ECHO (NM),ECHO_NMR10081G,NMR10081G,Construction Stormwater NOI (1+ acre),2026-07-22,A Mountain Construction,,,,WARRIOR DRIVE & GAVILAN CANYON ROAD,"RUIDOSO, NM",,88005,NM,Site: WARRIOR DRIVE & GAVILAN CANYON ROAD INTERSECTION IMPROVEMENTS,,,
EPA ECHO (NM),ECHO_AZR10I1IP,AZR10I1IP,Construction Stormwater NOI (1+ acre),2026-07-22,Navajo Area Indian Health Services,,,,PROJECT XX8 HOME/BASE YARD,"HUERFANO, NM",,87413,NM,Site: NA-22-XX8 HUERFANO CHEE WATERLINE EXTENSION,,,
EPA ECHO (IL),ECHO_ILR10ZH7E,ILR10ZH7E,Construction Stormwater NOI (1+ acre),2026-07-22,"Foundation Mechanics, LLC",,,,10510 W. ZEMKE ROAD,"CHICAGO, IL",,60666,IL,Site: EOWA I-490 BEELINE DRIVE TO SUPREME DRIVE GRADING AND DRAINAGE IMPROVEMENTS,,,
EPA ECHO (AL),ECHO_ALR10C5NV,ALR10C5NV,Construction Stormwater NOI (1+ acre),2026-07-22,JASP USA INC,,,,WHITE HOUSE RD,"JASPER, AL",AL127,35501,AL,Site: JASPER COMMERCIAL - BHADI,,,
EPA ECHO (AL),ECHO_ALR10C8BM,ALR10C8BM,Construction Stormwater NOI (1+ acre),2026-07-22,"Ark Builders, L.L.C",,,,LOT 10 STEELWOOD UNIT ONE,"LOXLEY, AL",AL003,36551,AL,Site: ARK AT STEELWOOD,,,
EPA ECHO (IL),ECHO_ILR10ZH7H,ILR10ZH7H,Construction Stormwater NOI (1+ acre),2026-07-22,"Renewable Acres, Inc.",,,,"39.372167, -87.752361","MARSHALL, IL",,62441,IL,Site: AUBURN SOLAR,,,
EPA ECHO (IL),ECHO_ILR10ZG9Z,ILR10ZG9Z,Construction Stormwater NOI (1+ acre),2026-07-22,Bruce Moore,,,,STATE ROUTE 162,"GRANITE CITY, IL",,62040,IL,Site: BRUCE MOORE - RT 162,,,
EPA ECHO (CO),ECHO_COR10F0DZ,COR10F0DZ,Construction Stormwater NOI (1+ acre),2026-07-22,Federal Aviation Administration,,,,2211 17TH AVENUE,"LONGMONT, CO",,80501,CO,"Site: ARTCC XERISCAPE - 2211 17TH AVENUE, LONGMONT, CO 80501",,,
EPA ECHO (AK),ECHO_AKR10H0YU,AKR10H0YU,Construction Stormwater NOI (1+ acre),2026-07-22,Rys Miranda,,,,BRIDGE ACCESS ROAD,"KENAI, AK",AK122,99611,AK,Site: KRSMA KENAI RIVER FLATS,,,
EPA ECHO (ID),ECHO_IDR10C263,IDR10C263,Construction Stormwater NOI (1+ acre),2026-07-22,Headwaters Construction Company,,,,3150 N CENTREPOINT WAY,"MERIDIAN, ID",ID001,83646,ID,Site: CENTREPOINT APARTMENTS,,,
EPA ECHO (AL),ECHO_ALR10C438,ALR10C438,Construction Stormwater NOI (1+ acre),2026-07-22,"Clayton Properties Group, Inc.",,,,JAMES BURT PARKWAY,"AUBURN, AL",AL081,36830,AL,Site: WOODWARD OAKS PHASES 4 AND 5,,,
EPA ECHO (AL),ECHO_ALR10C58Y,ALR10C58Y,Construction Stormwater NOI (1+ acre),2026-07-22,"Valor Communities, LLC",,,,ASHTON SPRINGS BOULEVARD,"HUNTSVILLE, AL",AL089,35806,AL,Site: ASHTON SPRINGS PHASE 4,,,
EPA ECHO (IL),ECHO_ILR10ZH7C,ILR10ZH7C,Construction Stormwater NOI (1+ acre),2026-07-22,TBD,,,,500 SOUTH FISH LAKE ROAD,"VOLO, IL",,60073,IL,Site: MUNICIPAL CAMPUS PLAZA IMPROVEMENT,,,
EPA ECHO (AL),ECHO_ALR10C5NN,ALR10C5NN,Construction Stormwater NOI (1+ acre),2026-07-22,"Crossing at Woodstock Village, LLC",,,,YOUNGBLOOD PARKWAY,"MCCALLA, AL",AL125,35111,AL,Site: WOODSTOCK VILLAGE,,,
EPA ECHO (MA),ECHO_MAR1006FP,MAR1006FP,Construction Stormwater NOI (1+ acre),2026-07-22,EJ Paving Co. Inc.,,,,100 ATLANTIC AVE,"WOBURN, MA",,01801,MA,Site: WOBURN LOGAN EXPRESS,,,
EPA ECHO (AL),ECHO_ALR10C8BP,ALR10C8BP,Construction Stormwater NOI (1+ acre),2026-07-22,"LOG Construction, LLC",,,,THATCH ST,"ROBERTSDALE, AL",AL003,36567,AL,Site: BLACKWATER RIDGE PHASE 3,,,
EPA ECHO (IL),ECHO_ILR10ZH7G,ILR10ZH7G,Construction Stormwater NOI (1+ acre),2026-07-22,To be Determined,,,,ALLEGHANY ROAD,"GRAYSLAKE, IL",,60030,IL,Site: ALLEGHANY ROAD SANITARY SEWER DESIGN,,,
EPA ECHO (AZ),ECHO_AZR10I1IO,AZR10I1IO,Construction Stormwater NOI (1+ acre),2026-07-22,"Layton Construction Company, LLC",,,,8400 N DOBSON ROAD,"SCOTTSDALE, AZ",,85256,AZ,Site: HYATT PLACE AT ARIZONA BOARDWALK,,,
EPA ECHO (AK),ECHO_AKR10H16M,AKR10H16M,Construction Stormwater NOI (1+ acre),2026-07-22,Daniel Hacker,,,,8301 E KATHERINE,"PALMER, AK",AK170,99645,AK,Site: H5 HEADQUARTERS,,,
EPA ECHO (AL),ECHO_ALR10C6N6,ALR10C6N6,Construction Stormwater NOI (1+ acre),2026-07-22,Tuscaloosa County Commission,,,,U. S. HIGHWAY NO. 82 E,"DUNCANVILLE, AL",AL125,35456,AL,Site: DUNCANVILLE SITE,,,
EPA ECHO (AL),ECHO_ALR10C2QH,ALR10C2QH,Construction Stormwater NOI (1+ acre),2026-07-22,Holland Homes,,,,MARLER RD,"PIKE ROAD, AL",AL101,36064,AL,Site: EVERLEY,,,
EPA ECHO (IL),ECHO_ILR10ZH7F,ILR10ZH7F,Construction Stormwater NOI (1+ acre),2026-07-22,Pepper Energy,,,,422 PROGRESS DRIVE,"MATTOON, IL",,61938,IL,Site: NL IL MATTOON,,,
EPA ECHO (AL),ECHO_ALR10C6E5,ALR10C6E5,Construction Stormwater NOI (1+ acre),2026-07-22,Michael Allen Homes,,,,943 LEE ROAD 57,"AUBURN, AL",AL081,36832,AL,Site: HANSON FARMS,,,
EPA ECHO (AL),ECHO_ALR10C8BQ,ALR10C8BQ,Construction Stormwater NOI (1+ acre),2026-07-22,"Maryvale Village, Ltd.",,,,1891 HURTEL STREET,"MOBILE, AL",AL097,36605,AL,Site: MARYVALE VILLAGE - PHASE II,,,
EPA ECHO (AL),ECHO_ALR10C60T,ALR10C60T,Construction Stormwater NOI (1+ acre),2026-07-21,"SP, LLC",,,,1401 INDUSTRIAL PARK DR,"TUSCALOOSA, AL",AL125,35401,AL,Site: EPSILON INDUSTRIES EXPANSION,,,
EPA ECHO (AL),ECHO_ALR10A998,ALR10A998,Construction Stormwater NOI (1+ acre),2026-07-21,"Embridge Fine Homes, LLC",,,,HIGHLAND GATE POINT,"HOOVER, AL",AL073,35216,AL,Site: LAKE CYRUS SECTOR I6-A,,,
EPA ECHO (AL),ECHO_ALR10C8BH,ALR10C8BH,Construction Stormwater NOI (1+ acre),2026-07-21,"Galanco, Inc.",,,,105 FOUNTAIN CREST DRIVE,"ENTERPRISSE, AL",AL045,36330,AL,Site: FOUNTAIN CREST,,,
EPA ECHO (AL),ECHO_ALR10C55A,ALR10C55A,Construction Stormwater NOI (1+ acre),2026-07-21,Michael's Tree Service LLC,,,,COUNTY ROAD 1435,"CULLMAN, AL",AL043,35055,AL,Site: MICHAEL KELLER - HWY 157 LOT,,,
EPA ECHO (AL),ECHO_ALR10C5AD,ALR10C5AD,Construction Stormwater NOI (1+ acre),2026-07-21,"DSLD Homes Gulf Coast, LLC",,,,BULLINGTON ROAD,"ATHENS, AL",AL083,35611,AL,"Site: ATHENS PRESERVE, DSLD",,,
EPA ECHO (MN),ECHO_MNR10I03T,MNR10I03T,Construction Stormwater NOI (1+ acre),2026-07-21,Gladen Construction Inc,,,,31977 COUNTY 30,"LAPORTE, MN",,56461,MN,Site: C.P. 029-030-021 C.S.A.H. 30,,,
EPA ECHO (AL),ECHO_ALR10C42A,ALR10C42A,Construction Stormwater NOI (1+ acre),2026-07-21,"Blackridge Partners II, LLC",,,,BLACKRIDGE DRIVE,"HOOVER, AL",AL117,35080,AL,"Site: BLACKRIDGE DEVELOPMENT PHASES 1,3, 6-12",,,
EPA ECHO (AK),ECHO_AKR10H16H,AKR10H16H,Construction Stormwater NOI (1+ acre),2026-07-21,Lorraine DeAsis,,,,SH'EIX'W DEIYI' STREET,"JUNEAU, AK",AK110,99801,AK,Site: SEET KANAX DUTEEN SUBDIVISION,,,
EPA ECHO (AL),ECHO_ALR10C7R5,ALR10C7R5,Construction Stormwater NOI (1+ acre),2026-07-21,MADISON COUNTY COMMISSION,,,,300 SHIELDS RD,"HUNTSVILLE, AL",AL089,358118940,AL,Site: SHIELDS ROAD FIRE TOWER - 25167,,,
EPA ECHO (NM),ECHO_NMR10081F,NMR10081F,Construction Stormwater NOI (1+ acre),2026-07-21,Westwind Landscape Construction Inc.,,,,9801 LA PAZ DR,"ALBUQUERQUE, NM",,87114,NM,Site: PARADISE HILLS LITTLE LEAGUE IMPROVEMENTS,,,
EPA ECHO (AL),ECHO_ALR10C8BE,ALR10C8BE,Construction Stormwater NOI (1+ acre),2026-07-21,"THOMPSON EXTERIORS, INC",,,,8400-8402 MOORES MILL RD,"OPELIKA, AL",AL081,36804,AL,Site: THOMPSON EXTERIORS HOME OFFICE,,,
EPA ECHO (MA),ECHO_MAR1006FN,MAR1006FN,Construction Stormwater NOI (1+ acre),2026-07-21,Lawrence-Lynch Corp.,,,,246 S MEADOW RD,"PLYMOUTH, MA",,02630,MA,"Site: PLYMOUTH MASSACHUSETTS AIRPORT RECONSTRUCT, MARK, AND LIGHT RUNWAY '6-24'",,,
EPA ECHO (SC),ECHO_SCR10ZLEZ,SCR10ZLEZ,Construction Stormwater NOI (1+ acre),2026-07-21,Alibia De Vente,,,,2115 MARY HINSON CT,"FORT MILL, SC",SC091,29715,SC,Site: 39-1055 FORT MILL MCDONALDS,,,
EPA ECHO (AL),ECHO_ALR10C6MX,ALR10C6MX,Construction Stormwater NOI (1+ acre),2026-07-21,"Lowder New Homes, Inc.",,,,ALONG ATLANTA HIGHWAY,"MONTGOMERY, AL",AL101,36117,AL,Site: ARROWHEAD WEST PROPERTY,,,
EPA ECHO (SC),ECHO_SCR10ZLEY,SCR10ZLEY,Construction Stormwater NOI (1+ acre),2026-07-21,Jason Ross,,,,3719 RED LANE ROAD,"SUMTER, SC",SC085,29040,SC,Site: VALLEY RIDGE SUBDIVISION,,,
EPA ECHO (AL),ECHO_ALR10BHK9,ALR10BHK9,Construction Stormwater NOI (1+ acre),2026-07-21,"Edward Rose Millennial Development Company, LLC",,,,NORTH OF BROOKHILL DRIVE AND WEST OF FRENCH FARMS,"ATHENS, AL",AL083,35611,AL,Site: SIGNATURE POINTE MULTIFAMILY DEVELOPMENT,,,
EPA ECHO (AL),ECHO_ALR10C50R,ALR10C50R,Construction Stormwater NOI (1+ acre),2026-07-21,"Brasfield & Gorrie, LLC",,,,WAREHOUSE ROAD,"HUNTSVILLE, AL",AL089,35803,AL,Site: FBI SOUTH CAMPUS ADVANCED TRAINING CENTER FACILITIES,,,
EPA ECHO (AL),ECHO_ALR10C8BD,ALR10C8BD,Construction Stormwater NOI (1+ acre),2026-07-21,EEH Holdings LLC,,,,940 LEE ROAD 14,"AUBURN, AL",AL081,36830,AL,Site: AMERICAN METAL MANUFACTURING,,,
EPA ECHO (AL),ECHO_ALR10C8BL,ALR10C8BL,Construction Stormwater NOI (1+ acre),2026-07-21,"University of Alabama Health Services Foundation, P.C.",,,,2145 BONNER WAY,"BIRMINGHAM, AL",AL073,35243,AL,Site: UAB KIRKLIN CLINIC PARKING,,,
EPA ECHO (ID),ECHO_IDR10C25Y,IDR10C25Y,Construction Stormwater NOI (1+ acre),2026-07-21,Garco Construction,,,,5741 S 15 W,"IDAHO FALLS, ID",ID019,83402,ID,Site: SWIRE COCA COLA - IDAHO FALLS,,,
EPA ECHO (ID),ECHO_IDR10C260,IDR10C260,Construction Stormwater NOI (1+ acre),2026-07-21,Steed Construction,,,,VALLEY CENTRE DRIVE,"DRIGGS, ID",ID081,83422,ID,Site: NORTH BEACON MIXED USE BLDGS 1-4,,,
EPA ECHO (ID),ECHO_IDR10C25Z,IDR10C25Z,Construction Stormwater NOI (1+ acre),2026-07-21,Simmons Sanitation,,,,GREENCREEK RD AND HWY 95,"COTTONWOOD, ID",ID049,83522,ID,Site: COTTONWOOD - PARCEL B PROPERTY,,,
EPA ECHO (AL),ECHO_ALR10C0ED,ALR10C0ED,Construction Stormwater NOI (1+ acre),2026-07-21,"Valor Communities, LLC",,,,CAMBRIDGE ROAD,"PINSON, AL",AL073,35126,AL,"Site: STEEPLE CHASE SUBDIVISION, SELECTED LOTS",,,
EPA ECHO (AL),ECHO_ALR10C2RV,ALR10C2RV,Construction Stormwater NOI (1+ acre),2026-07-21,"DSLD Gulf Coast, LLC",,,,MCCOLLUM ROAD,"MERIDIANVILLE, AL",AL089,35759,AL,Site: MCCOLLUM MANOR,,,
EPA ECHO (AL),ECHO_ALR10C3FC,ALR10C3FC,Construction Stormwater NOI (1+ acre),2026-07-21,"Virtuous Partners, LLC",,,,MCCOLLUM ROAD,"MERIDIANVILLE, AL",AL089,35759,AL,Site: PARVIN PRESERVE,,,
EPA ECHO (AL),ECHO_ALR10C1ZD,ALR10C1ZD,Construction Stormwater NOI (1+ acre),2026-07-21,"Graham and Company, LLC",,,,POWDER PLANT RD,"BESSEMER, AL",AL073,35022,AL,Site: PROJECT SPARTAN,,,
EPA ECHO (AL),ECHO_ALR10C493,ALR10C493,Construction Stormwater NOI (1+ acre),2026-07-21,"Amity Developers, LLC",,,,2005 COUNTY ROAD 338,"CRANE HILL, AL",AL043,35053,AL,Site: SERENITY POINTE,,,
EPA ECHO (AL),ECHO_ALR10C7DT,ALR10C7DT,Construction Stormwater NOI (1+ acre),2026-07-21,JR Builders LLC,,,,ALAMO CIRCLE,"GULF SHORES, AL",AL003,36542,AL,Site: ALAMO FLEX SPACE,,,
EPA ECHO (ID),ECHO_IDR10C261,IDR10C261,Construction Stormwater NOI (1+ acre),2026-07-21,Ryan Holm,,,,DALLAS LANE,"CHUBBUCK, ID",ID005,83202,ID,Site: DALLAS SUBDIVISION,,,
EPA ECHO (SC),ECHO_SCR10ZLEW,SCR10ZLEW,Construction Stormwater NOI (1+ acre),2026-07-21,Wofford Stribling,,,,809 LAURENS ROAD,"GREENVILLE, SC",SC045,29607,SC,Site: PARK VUE,,,
EPA ECHO (AL),ECHO_ALR10C4AK,ALR10C4AK,Construction Stormwater NOI (1+ acre),2026-07-21,"SDH Alabama, LLC.",,,,HIGHGROVE HTS NW,"HARVEST, AL",AL089,35749,AL,Site: CROWN CREEK VILLAGE,,,
EPA ECHO (SC),ECHO_SCR10ZLEU,SCR10ZLEU,Construction Stormwater NOI (1+ acre),2026-07-21,Hugh Curtin,,,,HWY 557,"CLOVER, SC",SC091,29710,SC,Site: LOTS 557,,,
EPA ECHO (MA),ECHO_MAR1006FL,MAR1006FL,Construction Stormwater NOI (1+ acre),2026-07-21,Shawmut Design and Construction,,,,101 DUNSTER STREET,"CAMBRIDGE, MA",,02138,MA,Site: HARVARD UNIVERSITY ELIOT HOUSE RENEWAL,,,
EPA ECHO (AL),ECHO_ALR10C6XP,ALR10C6XP,Construction Stormwater NOI (1+ acre),2026-07-21,"Sincere Partners, LLC",,,,0 SHELTON MILL ROAD,"AUBURN, AL",AL081,36830,AL,Site: SHELTON MILL TOWNHOMES,,,
EPA ECHO (AL),ECHO_ALR10C5N2,ALR10C5N2,Construction Stormwater NOI (1+ acre),2026-07-21,"J.T. Harrison Construction Co., Inc,",,,,1201 COLISEUM DRIVE,"TUSCALOOSA, AL",AL125,35401,AL,Site: UA - COLEMAN COLISEUM,,,
EPA ECHO (AL),ECHO_ALR10C8BK,ALR10C8BK,Construction Stormwater NOI (1+ acre),2026-07-21,City of Vestavia Hills,,,,4851 SICARD HOLLOW RD.,"VESTAVIA HILLS, AL",AL073,35242,AL,Site: VH SHAC MASS GRADE & INFRASTRUCTURE,,,
EPA ECHO (SC),ECHO_SCR10ZLEX,SCR10ZLEX,Construction Stormwater NOI (1+ acre),2026-07-21,Joe Waldron,,,,JENKINS BRIDGE RD & MILACRON DR,"FOUNTAIN INN, SC",SC059,29644,SC,Site: BRIARGATE & CEDAR GAP,,,
EPA ECHO (AL),ECHO_ALR10C2PL,ALR10C2PL,Construction Stormwater NOI (1+ acre),2026-07-21,"DSLD Gulf Coast, LLC",,,,SANDERSON ROAD,"HARVEST, AL",AL083,35749,AL,Site: TUNLAW RIDGE,,,
EPA ECHO (AL),ECHO_ALR10BFSH,ALR10BFSH,Construction Stormwater NOI (1+ acre),2026-07-21,"Authentic Partners, LLC",,,,"RICHLAND ROAD, 2.0 MILES WEST OF SHUG JORDAN PARKW","AUBURN, AL",AL081,36832,AL,Site: COTSWOLD III,,,
EPA ECHO (AL),ECHO_ALR10C8BF,ALR10C8BF,Construction Stormwater NOI (1+ acre),2026-07-21,Montgomery Water Works and Sanitary Sewer Board,,,,409 SOUTHLAWN DR,"MONTGOMERY, AL",AL101,36108,AL,Site: MWWSSB SOUTHLAWN,,,
EPA ECHO (AL),ECHO_ALR10C5CV,ALR10C5CV,Construction Stormwater NOI (1+ acre),2026-07-21,"Valor Communities, LLC",,,,MISSION HILLS RD,"ALABASTER, AL",AL117,35007,AL,Site: CASCADIA,,,
EPA ECHO (MA),ECHO_MAR1006FK,MAR1006FK,Construction Stormwater NOI (1+ acre),2026-07-21,McCourt Construction Company,,,,LOGAN INTERNATIONAL AIRPORT,"BOSTON, MA",,02127,MA,"Site: MPA CONTRACT NO. L1407-C1 REHABILITATE TERMINALS B/C, C, AND C/E ALLEYWAYS",,,
EPA ECHO (AL),ECHO_ALR10C75P,ALR10C75P,Construction Stormwater NOI (1+ acre),2026-07-21,"Bob Morrow Construction Company, Inc.",,,,EVANS RD,"JASPER, AL",AL127,35504,AL,Site: THE RIDGELANDS MULTIFAMILY - 24376,,,
EPA ECHO (SC),ECHO_SCR10ZLES,SCR10ZLES,Construction Stormwater NOI (1+ acre),2026-07-21,Brian Southworth,,,,KNOX LANE,"LADSON, SC",SC019,29456,SC,Site: INGLESIDE MULTIFAMILY,,,
EPA ECHO (SD),ECHO_SDR10P5X6,SDR10P5X6,Construction Stormwater NOI (1+ acre),2026-07-21,"MAC Construction Co., Inc.",,,,1141 EGLIN STREET,"RAPID CITY, SD",,57701,SD,Site: FUJI JAPANESE STEAKHOUSE,,,
EPA ECHO (MA),ECHO_MAR1006FJ,MAR1006FJ,Construction Stormwater NOI (1+ acre),2026-07-21,Circle Construction Ventures LLC,,,,1 TECHNOLOGY WAY,"NORWOOD, MA",,02062,MA,Site: 1 TECHNOLOGY WAY,,,
EPA ECHO (MA),ECHO_MAR1006FM,MAR1006FM,Construction Stormwater NOI (1+ acre),2026-07-21,Boston Gas Company,,,,50 CHAPMAN ROAD,"TEWKSBURY, MA",,01876,MA,Site: NATIONAL GRID LIQUIFIED NATURAL GAS (LNG) PEAK SHAVING FACILITY,,,
EPA ECHO (AL),ECHO_ALR10C8BG,ALR10C8BG,Construction Stormwater NOI (1+ acre),2026-07-21,"Insightful Partners, LLC",,,,0.2 MILES SOUTH OF THE INTERSECTION OF US 82 MCQUE,"PRATTVILLE, AL",AL001,36067,AL,Site: MCCLAIN LANDING SUBDIVISION - HOME CONSTRUCTION,,,
EPA ECHO (SC),ECHO_SCR10ZLET,SCR10ZLET,Construction Stormwater NOI (1+ acre),2026-07-21,Cameron Gill,,,,GODFREY TOWN ROAD,"WOODRUFF, SC",SC083,29388,SC,Site: RIVERBEND CROSSING,,,
EPA ECHO (AL),ECHO_ALR10BFE1,ALR10BFE1,Construction Stormwater NOI (1+ acre),2026-07-21,"Premium Properties, LLC.",,,,506 SHELTON RD,"MADISON, AL",AL089,35758,AL,Site: WINDERMERE SUBDIVISION,,,
EPA ECHO (SC),ECHO_SCR10ZKJW,SCR10ZKJW,Construction Stormwater NOI (1+ acre),2026-07-21,Kangana Bhanti,,,,196 OKATIE VILLAGE DR,"OKATIE, SC",SC013,29909,SC,"Site: HOME 2 SUITES, OKATIE SC",,,
EPA ECHO (AL),ECHO_ALR10C7FD,ALR10C7FD,Construction Stormwater NOI (1+ acre),2026-07-21,"Valor Communities, LLC",,,,BALTIMORE HILL ROAD,"HUNTSVILLE, AL",AL089,35810,AL,Site: GRAND HOLLOW,,,
EPA ECHO (SC),ECHO_SCR10ZLER,SCR10ZLER,Construction Stormwater NOI (1+ acre),2026-07-21,Nathan Ward,,,,1293 HIGHWAY 1 N,"CASSATT, SC",SC055,290329431,SC,Site: US HIGHWAY 1 - 12  WATER MAIN EXTENSION,,,
EPA ECHO (AL),ECHO_ALR10C4AA,ALR10C4AA,Construction Stormwater NOI (1+ acre),2026-07-21,"Perfection Partners, LLC",,,,ANNA DORA WAY,"MERIDIANVILLE, AL",AL089,35759,AL,Site: WHITAKER LANDING,,,
EPA ECHO (MN),ECHO_MNR10I03S,MNR10I03S,Construction Stormwater NOI (1+ acre),2026-07-21,"Gordon Construction of Mahnomen, Inc.",,,,EAST WASHINGTON AVE FROM 4TH ST. NE TO 400 FT EAST,"MAHNOMEN, MN",,56557,MN,"Site: EAST WASHINGTON AVENUE STREET & UTILITY IMPROVEMENTS, MAHNOMEN, MN",,,
EPA ECHO (AL),ECHO_ALR10C3T6,ALR10C3T6,Construction Stormwater NOI (1+ acre),2026-07-21,"Valor Communities, LLC.",,,,754 NICK FITCHEARD RD NW,"HUNTSVILLE, AL",AL089,35806,AL,Site: DISCOVERY POINT TOWNHOMES,,,
EPA ECHO (IL),ECHO_ILR10ZH86,ILR10ZH86,Construction Stormwater NOI (1+ acre),2026-07-21,White Construction,,,,275TH AVENUE,"ELKHART, IL",,62634,IL,Site: PIKE CREEK WIND,,,
EPA ECHO (AL),ECHO_ALR10C7CZ,ALR10C7CZ,Construction Stormwater NOI (1+ acre),2026-07-21,Jeff Lindsey Communities,,,,204 SAMFORD AVE,"OPELIKA, AL",AL081,368013122,AL,Site: WARWICK RETREAT OPELIKA AL,,,
EPA ECHO (AL),ECHO_ALR10C7RK,ALR10C7RK,Construction Stormwater NOI (1+ acre),2026-07-21,"Evergreen Siteworks, LLC",,,,WILL BUECHNER PKWY,"AUBURN, AL",AL081,36830,AL,Site: PLAINS JUNIOR HIGH SCHOOL,,,
EPA ECHO (AL),ECHO_ALR10C7H3,ALR10C7H3,Construction Stormwater NOI (1+ acre),2026-07-21,"SA Graham Company, Inc.",,,,867 AVIATION BLVD,"ENTERPRISE, AL",AL031,36330,AL,Site: ENTERPRISE AIRPORT,,,
EPA ECHO (AL),ECHO_ALR10C7H2,ALR10C7H2,Construction Stormwater NOI (1+ acre),2026-07-21,"SA Graham Company, Inc.",,,,1107 US-134,"ABBEVILLE, AL",AL067,36310,AL,Site: ABBEVILLE AIRPORT,,,
EPA ECHO (NM),ECHO_NMR10081E,NMR10081E,Construction Stormwater NOI (1+ acre),2026-07-21,Westwind Landscape Construction Inc.,,,,2300 ARENAL ROAD SW,"ALBUQUERQUE, NM",,87105,NM,Site: RIO GRANDE HIGH SCHOOL - BASEBALL FIELD RENOVATIONS,,,
EPA ECHO (DC),ECHO_DCR1000EF,DCR1000EF,Construction Stormwater NOI (1+ acre),2026-07-21,Atmos Solutions Inc,,,,1875 COLUMBIA ROAD NW,"WASHINGTON DC, DC",,20009,DC,Site: KALORAMA PARK,,,
EPA ECHO (ID),ECHO_IDR10C262,IDR10C262,Construction Stormwater NOI (1+ acre),2026-07-21,"Brookside Developers, Inc.",,,,W QUAIL VALLEY DR AND DRY CREEK RD,"BOISE, ID",ID001,83714,ID,Site: WEST QUAIL VALLEY DRIVE ROADWAY IMPROVEMENTS,,,
EPA ECHO (AL),ECHO_ALR10C8BJ,ALR10C8BJ,Construction Stormwater NOI (1+ acre),2026-07-21,Brightwork Real Estate,,,,2200 ROSS CLARK CIR.,"DOTHAN, AL",AL069,36301,AL,Site: CONVENIENCE MARKET WITH FUEL SALES,,,
EPA ECHO (AK),ECHO_AKR10H16J,AKR10H16J,Construction Stormwater NOI (1+ acre),2026-07-21,Bruce Petska,,,,LOT 164 B,"HOMER, AK",AK122,99603,AK,Site: LIGHT HOUSE VILLAGE,,,
EPA ECHO (AL),ECHO_ALR10C1FA,ALR10C1FA,Construction Stormwater NOI (1+ acre),2026-07-20,"Generous Partners, LLC",,,,FORREST ST,"ATHENS, AL",AL083,35613,AL,Site: FORREST PARK SUBDIVISION,,,
EPA ECHO (AL),ECHO_ALR10C8B1,ALR10C8B1,Construction Stormwater NOI (1+ acre),2026-07-20,US ARMY DEPARTMENT OF PUBLIC WORKS,,,,EAST OF THE INTERSECTION OF MORRIS ROAD AND MARSHA,"HUNTSVILLE, AL",AL089,35808,AL,Site: ALABAMA NATIONAL GUARD TRAINING SITE #3,,,
EPA ECHO (SC),ECHO_SCR10ZLEQ,SCR10ZLEQ,Construction Stormwater NOI (1+ acre),2026-07-20,David Hemstrought,,,,1624 STATE RD,"SUMMERVILLE, SC",SC015,294862752,SC,Site: CANE BAY HIGH SCHOOL TEMPORARY MODULAR,,,
EPA ECHO (WI),ECHO_WIR10I05X,WIR10I05X,Construction Stormwater NOI (1+ acre),2026-07-20,St. Croix Chippewa Indians of Wisconsin,,,,27149 BEARHEART DR.,"WEBSTER, WI",,54893,WI,Site: GASLYN PONDS,,,
EPA ECHO (AL),ECHO_ALR10C56J,ALR10C56J,Construction Stormwater NOI (1+ acre),2026-07-20,"Bailey-Harris Construction Co., Inc.",,,,244 JETPLEX LANE,"MADISON, AL",AL089,35758,AL,Site: FEDEX SITE REPAIRS,,,
EPA ECHO (OR),ECHO_ORR10K033,ORR10K033,Construction Stormwater NOI (1+ acre),2026-07-20,"The Heitman Allen Group, LLC",,,,16998 GREENTREE AVE,"LAKE OSWEGO, OR",,97034,OR,Site: HAZELIA LIVING SUBDIVISION,,,
EPA ECHO (AL),ECHO_ALR10C8B6,ALR10C8B6,Construction Stormwater NOI (1+ acre),2026-07-20,Opelika City Schools,,,,1100 FOX RUN PARKWAY,"OPELIKA, AL",AL081,36801,AL,Site: FOX RUN SCHOOL EXPANSION,,,
EPA ECHO (FL),ECHO_FLR10YQ02,FLR10YQ02,Construction Stormwater NOI (1+ acre),2026-07-20,DR Horton Inc,,,,VENETIAN DRIVE  PLOVER DRIVE,"VERO BEACH, FL",,32966,FL,Site: VENETIAN GROVE PHASE 2,,,
EPA ECHO (FL),ECHO_FLR10YQ01,FLR10YQ01,Construction Stormwater NOI (1+ acre),2026-07-20,Bimini Block,,,,3520 GRAND AVENUE,"MIAMI, FL",,33133,FL,Site: BIMINI BLOCK,,,
EPA ECHO (AK),ECHO_AKR10H16E,AKR10H16E,Construction Stormwater NOI (1+ acre),2026-07-20,Benjamin Sansone,,,,8414 18TH STREET,"JBER, AK",AK020,99506,AK,"Site: CONSTRUCT PARKING LOT, TSC, B8414",,,
EPA ECHO (AL),ECHO_ALR10C6ZZ,ALR10C6ZZ,Construction Stormwater NOI (1+ acre),2026-07-20,"Doublehead Properties, LLC",,,,MILLER LANE,"HUNTSVILLE, AL",AL089,35763,AL,Site: DOGWOOD MANOR,,,
EPA ECHO (AL),ECHO_ALR10C6LL,ALR10C6LL,Construction Stormwater NOI (1+ acre),2026-07-20,Alabama Power Company,,,,22465 HIGHWAY 43,"GROVE HILL, AL",AL025,36451,AL,Site: CATHERINE-BASSETT CREEK,,,
EPA ECHO (NM),ECHO_NMR10081D,NMR10081D,Construction Stormwater NOI (1+ acre),2026-07-20,"Constructors, Inc",,,,4TH STREET FROM CEDAR TO OAK,"LOVING, NM",,88256,NM,Site: LOVING 2024 ROADWAY IMPROVEMENTS,,,
EPA ECHO (AL),ECHO_ALR10C8B5,ALR10C8B5,Construction Stormwater NOI (1+ acre),2026-07-20,"W.H.C of Louisiana, LLC",,,,3208 HWY 43,"TUSCUMBIA, AL",AL033,35674,AL,Site: SPRING VALLEY SUBSTATION,,,
EPA ECHO (AK),ECHO_AKR10H16F,AKR10H16F,Construction Stormwater NOI (1+ acre),2026-07-20,Ryan Laulainen,,,,BEVERLY ANN LANE,"WASILLA, AK",AK170,99654,AK,Site: BARRY SPRINGS PHASE 2,,,
EPA ECHO (AL),ECHO_ALR10C6Y0,ALR10C6Y0,Construction Stormwater NOI (1+ acre),2026-07-20,"WWW Real Properties, LLC",,,,SOUTHEAST CORNER OF THE INTERSECTION OF COUNTY ROA,"FLORENCE, AL",AL077,35634,AL,Site: KILBURN COVE - HAPPY HOLLOW,,,
EPA ECHO (AL),ECHO_ALR10C8B3,ALR10C8B3,Construction Stormwater NOI (1+ acre),2026-07-20,"John Plott Company, Inc.",,,,13321 MOUNDVILLE STATE PARK,"MOUNDVILLE, AL",AL065,35474,AL,Site: UA-MOUNDVILLE ARCHAEOLOGICAL PARK SITE RESTORATION,,,
EPA ECHO (MA),ECHO_MAR1006FH,MAR1006FH,Construction Stormwater NOI (1+ acre),2026-07-20,Castello Landscaping & Construction LLC,,,,25 DECICCO DRIVE,"LEOMINSTER, MA",,01453,MA,"Site: CASTELLO: LEOMINSTER, MA - FALL BROOK ELEMENTARY",,,
EPA ECHO (AL),ECHO_ALR10C8B0,ALR10C8B0,Construction Stormwater NOI (1+ acre),2026-07-20,US ARMY DEPARTMENT OF PUBLIC WORKS,,,,ALONG NEAL ROAD FROM PATTON ROAD SW TO MILLS ROAD,"HUNTSVILLE, AL",AL089,35808,AL,Site: ALABAMA NATIONAL GUARD TRAINING SITE #1,,,
EPA ECHO (AZ),ECHO_AZR10I1IM,AZR10I1IM,Construction Stormwater NOI (1+ acre),2026-07-20,Navajo Area Indian Health Service,,,,P.O. BOX 600,"TUBA CITY, AZ",,86045,AZ,Site: NA-22-LU3 KAIBETO SCATTERED CISTERNS,,,
EPA ECHO (LA),ECHO_LAR10Q857,LAR10Q857,Construction Stormwater NOI (1+ acre),2026-07-20,HARD ROCK SAND & GRAVEL LLC OF MS - HARD ROCK SAND & GRAVEL RIVER ROAD MINE,,,,30326 RIVER RD,"MOUNT HERMON, LA",LA117,70000,LA,Site: HARD ROCK SAND & GRAVEL LLC OF MS - HARD ROCK SAND & GRAVEL RIVER ROAD MINE,,,
EPA ECHO (FL),ECHO_FLR10YP94,FLR10YP94,Construction Stormwater NOI (1+ acre),2026-07-20,CARMONA-DOLDAN,,,,1970 SW 115TH AVE,"DAVIE, FL",,33325-4717,FL,Site: CARMONA-DOLDAN,,,
EPA ECHO (NM),ECHO_NMR10081C,NMR10081C,Construction Stormwater NOI (1+ acre),2026-07-20,SunZia Wind North LLC,,,,"12.5 MI E OF CLINES CORNERS ALONG I-40,","CLINES CORNERS, NM",,87070,NM,Site: SUNZIA WIND NORTH-ZONE 1,,,
EPA ECHO (LA),ECHO_LAR10Q858,LAR10Q858,Construction Stormwater NOI (1+ acre),2026-07-20,IVEY CONSTRUCTION LLC - GRAVEL AND SAND PIT,,,,END OF BUDDY TALLEY RD,"BOGALUSA, LA",LA117,70000,LA,Site: IVEY CONSTRUCTION LLC - GRAVEL AND SAND PIT,,,
EPA ECHO (AL),ECHO_ALR10C25A,ALR10C25A,Construction Stormwater NOI (1+ acre),2026-07-20,Diltina Development Corporation,,,,128 GREEN MOUNTAIN RD SE,"OWENS CROSS ROADS, AL",AL089,35763,AL,Site: THE COVE AT GREEN MOUNTAIN,,,
EPA ECHO (MA),ECHO_MAR1006FE,MAR1006FE,Construction Stormwater NOI (1+ acre),2026-07-20,Western Earthworks,,,,370 WINTER STREET,"NORWOOD, MA",,02062,MA,"Site: WESTERN EARTHWORKS: NORWOOD, MA- NORWOOD LANDFILL SOLAR PROJECT",,,
EPA ECHO (AL),ECHO_ALR10C8B4,ALR10C8B4,Construction Stormwater NOI (1+ acre),2026-07-20,APLD BHM-01 LLC,,,,BROOKWOOD PARKWAY,"BROOKWOOD, AL",AL125,35490,AL,"Site: BROOKWOOD, AL INDUSTRIAL",,,
EPA ECHO (AK),ECHO_AKR10H16G,AKR10H16G,Construction Stormwater NOI (1+ acre),2026-07-20,Benjamin Sansone,,,,1ST STREET,"JBER, AK",AK020,99505,AK,Site: REPAIR 1ST STREET,,,
EPA ECHO (MA),ECHO_MAR1006FD,MAR1006FD,Construction Stormwater NOI (1+ acre),2026-07-20,Luciano's Excavation Inc.,,,,258 BARKER ROAD,"WAREHAM, MA",,02538,MA,Site: CENTURY BOG RESTORATION,,,
EPA ECHO (AL),ECHO_ALR10C786,ALR10C786,Construction Stormwater NOI (1+ acre),2026-07-20,City Of Huntsville,,,,4568 GARTH RD SE,"HUNTSVILLE, AL",AL089,35802,AL,Site: DOTSON DRIVE EXTENSION,,,
EPA ECHO (NM),ECHO_NMR10081B,NMR10081B,Construction Stormwater NOI (1+ acre),2026-07-20,Bernalillo County C/O County Manager,,,,9801 LA PAZ DR,"ALBUQUERQUE, NM",,87114,NM,Site: PARADISE HILLS LITTLE LEAGUE IMPROVEMENTS,,,
EPA ECHO (FL),ECHO_FLR10YP96,FLR10YP96,Construction Stormwater NOI (1+ acre),2026-07-20,PS Construction,,,,BOCA CHICA ROAD,"KEY WEST, FL",,33040,FL,Site: FACILITY 7110,,,
EPA ECHO (AL),ECHO_ALR10C8BC,ALR10C8BC,Construction Stormwater NOI (1+ acre),2026-07-20,"Marathon Realty, Corp.",,,,76 MARKET TERRACE,"ONEONTA, AL",AL009,35121,AL,"Site: FOOD CITY ONEONTA, AL",,,
EPA ECHO (FL),ECHO_FLR10YP95,FLR10YP95,Construction Stormwater NOI (1+ acre),2026-07-20,Adams Homes,,,,6367 REED MARSHALL DR,"PACE, FL",,32571,FL,Site: SANDY CREEK,,,
EPA ECHO (MA),ECHO_MAR1006FG,MAR1006FG,Construction Stormwater NOI (1+ acre),2026-07-20,Argus Construction Corp.,,,,328 LOWELL ST,"LEXINGTON, MA",,02420,MA,Site: MAPLE STREET FIELDS,,,
EPA ECHO (SC),ECHO_SCR10ZLEP,SCR10ZLEP,Construction Stormwater NOI (1+ acre),2026-07-20,Shawn Mottern,,,,HOUNDSFEILD AVE,"MYRTLE BEACH, SC",SC051,29588,SC,Site: OLEANDER EXECUTIVE SITE,,,
EPA ECHO (SC),ECHO_SCR10ZLEN,SCR10ZLEN,Construction Stormwater NOI (1+ acre),2026-07-20,Joe Grieco,,,,PINE ISLAND ROAD TO SEA PINE BLVD.,"MYRTLE BEACH, SC",SC051,29577,SC,Site: TOWNEPLACE SUITES AT PINE ISLAND POINT,,,
EPA ECHO (AL),ECHO_ALR10C8BA,ALR10C8BA,Construction Stormwater NOI (1+ acre),2026-07-20,"D.R. Horton, Inc.",,,,W ORLANDO DRIVE,"FOLEY, AL",AL003,36535,AL,Site: D.R. HORTON - PEBBLE CREEK SPOT LOT,,,
EPA ECHO (LA),ECHO_LAR10Q854,LAR10Q854,Construction Stormwater NOI (1+ acre),2026-07-20,DERAMUS CONSTRUCTION SERVICES INC. - BUSEY NEW HOME,,,,1062 ABBIE GLENN LN,"SHREVEPORT, LA",LA017,71107,LA,Site: DERAMUS CONSTRUCTION SERVICES INC. - BUSEY NEW HOME,,,
EPA ECHO (AL),ECHO_ALR10C44F,ALR10C44F,Construction Stormwater NOI (1+ acre),2026-07-20,"Stupendous Partners, LLC",,,,NATURES RIDGE WAY SE,"HUNTSVILLE, AL",AL089,35803,AL,Site: PRESERVE AT INSPIRATION PHASE 3,,,
EPA ECHO (LA),ECHO_LAR10Q856,LAR10Q856,Construction Stormwater NOI (1+ acre),2026-07-20,CITY OF NEW ORLEANS DEPT OF PUBLIC WORKS CITY OF NEW ORLEAN JOINT INFRASTRUCTURE,,,,PROGRAM(JIRR) CAPITAL IMPROVEMENT PROJECT (CIP),"NEW ORLEANS, LA",LA071,70112,LA,Site: CITY OF NEW ORLEANS DEPT OF PUBLIC WORKS CITY OF NEW ORLEAN JOINT INFRASTRUCTURE,,,
EPA ECHO (AL),ECHO_ALR10C1AE,ALR10C1AE,Construction Stormwater NOI (1+ acre),2026-07-20,Frank Spencer,,,,1191 FUNDERBURG BEND ROAD,"PELL CITY, AL",AL115,35128,AL,Site: WATERSIDE SUBDIVISION,,,
EPA ECHO (SC),ECHO_SCR10ZLEL,SCR10ZLEL,Construction Stormwater NOI (1+ acre),2026-07-20,Anthony Vavrick,,,,1205 SOUTH JOHNSON STREET,"GAFFNEY, SC",SC021,29340,SC,Site: ANSLEY'S CORNER,,,
EPA ECHO (AK),ECHO_AKR10H16C,AKR10H16C,Construction Stormwater NOI (1+ acre),2026-07-20,Roman Smith,,,,20847 BIRCHWOOD SPUR ROAD PARCEL 05108117000,"CHUGIACH, AK",AK020,99516,AK,Site: MARNELL LAND CLEARING,,,
EPA ECHO (AK),ECHO_AKR10H16D,AKR10H16D,Construction Stormwater NOI (1+ acre),2026-07-20,David O'Donnell,,,,600 E 34TH AVE,"ANCHORAGE, AK",AK020,99503,AK,Site: VILLAGE IN A CITY,,,
EPA ECHO (MA),ECHO_MAR1006FF,MAR1006FF,Construction Stormwater NOI (1+ acre),2026-07-20,"136 East Street, LLC",,,,136 EAST STREET,"SOUTH HADLEY, MA",,01075,MA,Site: DEER MEADOW,,,
EPA ECHO (AL),ECHO_ALR10C0L1,ALR10C0L1,Construction Stormwater NOI (1+ acre),2026-07-20,Diltina Development Corporation,,,,0 SOUTH SHAWDEE RD,"HUNTSVILLE, AL",AL089,35814,AL,Site: INSPIRATION ON GREEN MT,,,
EPA ECHO (AL),ECHO_ALR10C1T6,ALR10C1T6,Construction Stormwater NOI (1+ acre),2026-07-20,Mr. Tom Canada,,,,"OFF OF MCCAIG ROAD, NW OF LOHR FACILITY","LINCOLN, AL",AL121,35096,AL,Site: MCCAIG ROAD PROPERTY,,,
EPA ECHO (AL),ECHO_ALR10C48N,ALR10C48N,Construction Stormwater NOI (1+ acre),2026-07-20,"Pristine Partners, LLC",,,,RAMPART STREET AND DUNLOP BLVD,"MADISON, AL",AL089,35758,AL,"Site: THE HEIGHTS, SMB LOTS",,,
EPA ECHO (LA),ECHO_LAR10Q855,LAR10Q855,Construction Stormwater NOI (1+ acre),2026-07-20,S&C DEVELOPERS LLC & J&M LAND INVESTMENT LLC - BEAU MARAIS,,,,1500 BLK GUILLIOT RD,"YOUNGSVILLE, LA",LA055,70000,LA,Site: S&C DEVELOPERS LLC & J&M LAND INVESTMENT LLC - BEAU MARAIS,,,
EPA ECHO (OR),ECHO_ORR10K031,ORR10K031,Construction Stormwater NOI (1+ acre),2026-07-20,Confederated Tribe of the Umatilla Reservation,,,,NFS ROAD 63,"ELGIN, OR",,97827,OR,Site: CTUIR LOOKINGGLASS CREEK CONSERVATION PROPERTY,,,
EPA ECHO (AZ),ECHO_AZR10I1IN,AZR10I1IN,Construction Stormwater NOI (1+ acre),2026-07-20,"Keyah Construction, Inc",,,,466 US 89,"CAMERON, AZ",,86020,AZ,Site: CAMERON CHAPTER HOUSE,,,
EPA ECHO (SC),ECHO_SCR10ZLEJ,SCR10ZLEJ,Construction Stormwater NOI (1+ acre),2026-07-20,Chris Akers,,,,754 JEDBURG ROAD,"SUMMERVILLE, SC",SC015,29483,SC,Site: SEACOAST SUPPLY JEDBURG ROAD,,,
EPA ECHO (AL),ECHO_ALR10C8B8,ALR10C8B8,Construction Stormwater NOI (1+ acre),2026-07-20,"Dothan II Hall New Apartments, Ltd.",,,,1181 MURRAY RD,"DOTHAN, AL",AL069,36303,AL,Site: EAGLE RIDGE APARTMENTS,,,
EPA ECHO (AL),ECHO_ALR10C6DR,ALR10C6DR,Construction Stormwater NOI (1+ acre),2026-07-20,"Cooper Green Homes 2023, LLC",,,,1501 ARTHUR SHORES DR SW,"BIRMINGHAM, AL",AL073,35211,AL,Site: COOPER GREEN HOUSING - 24288,,,
EPA ECHO (AL),ECHO_ALR10C8B2,ALR10C8B2,Construction Stormwater NOI (1+ acre),2026-07-20,"Trailhead Commons, LLC",,,,MOUNTAIN VISTA WAY,"HUNTSVILLE, AL",AL089,35811,AL,"Site: TRAILHEAD, LOT 10",,,
EPA ECHO (AL),ECHO_ALR10C69V,ALR10C69V,Construction Stormwater NOI (1+ acre),2026-07-20,"Stoa Group, LLC",,,,CENTER PARKWAY,"HOOVER, AL",AL117,35242,AL,Site: THE HEIGHTS AT INVERNESS,,,
EPA ECHO (OR),ECHO_ORR10K032,ORR10K032,Construction Stormwater NOI (1+ acre),2026-07-20,Keystone Resources LLC,,,,1993 AND 1999 16TH ST NE,"SALEM, OR",,97301,OR,Site: 2026 CIVIL SITEWORK IMPROVEMENTS,,,
EPA ECHO (AL),ECHO_ALR10C8B7,ALR10C8B7,Construction Stormwater NOI (1+ acre),2026-07-20,Christian Brothers Automotive Corporation,,,,9380 HWY 69 S,"TUSCALOOSA, AL",AL125,35405,AL,"Site: CHRISTIAN BROTHERS AUTOMOTIVE - TUSCALOOSA, AL",,,
EPA ECHO (AL),ECHO_ALR10C5PT,ALR10C5PT,Construction Stormwater NOI (1+ acre),2026-07-20,Cottages at Saraland LLC,,,,691 INDUSTRIAL PARKWAY,"SARALAND, AL",AL097,36571,AL,Site: COTTAGES AT SARALAND,,,
EPA ECHO (AL),ECHO_ALR10C1V1,ALR10C1V1,Construction Stormwater NOI (1+ acre),2026-07-20,"AMAC Development Group, LLC",,,,288 AMMERSEE LAKES DRIVE,"MONTEVALLO, AL",AL117,35115,AL,Site: AMMERSEE LAKES SECTOR 3,,,
EPA ECHO (AL),ECHO_ALR10C7CE,ALR10C7CE,Construction Stormwater NOI (1+ acre),2026-07-20,Huntsville Utilities,,,,4561 ELKWOOD SECTION ROAD,"ARDMORE, AL",AL089,35739,AL,Site: ELKWOOD SECTION SUBSTATION,,,
EPA ECHO (FL),ECHO_FLR10YP99,FLR10YP99,Construction Stormwater NOI (1+ acre),2026-07-20,DR Horton Inc,,,,2275 CATTLE DR,"KISSIMMEE, FL",,34746-4025,FL,Site: TRAVIS LANDING,,,
EPA ECHO (AL),ECHO_ALR10C8BB,ALR10C8BB,Construction Stormwater NOI (1+ acre),2026-07-20,Chattahoochee Homes LLC,,,,MARY OLIVE RD.,"OPELIKA, AL",AL081,36801,AL,Site: WHIPPOORWILL LAKES SUBDIVISION,,,
EPA ECHO (MA),ECHO_MAR1006FI,MAR1006FI,Construction Stormwater NOI (1+ acre),2026-07-20,"Unlimited Property Services, LLC",,,,792 TINKHAM ROAD,"WILBRAHAM, MA",,01095,MA,Site: 792 TINKHAM ROAD,,,
EPA ECHO (AL),ECHO_ALR10C2GH,ALR10C2GH,Construction Stormwater NOI (1+ acre),2026-07-20,Diltina Development Corporation,,,,STRAIN RD,"ATHENS, AL",AL083,35611,AL,Site: THE VILLAS AT SWAN CREEK,,,
EPA ECHO (NH),ECHO_NHR1002BN,NHR1002BN,Construction Stormwater NOI (1+ acre),2026-07-20,"Farrell Contracting Services, LLC",,,,280 EXETER RD,"EPPING, NH",,03042,NH,Site: PSI NE DRAGWAY,,,
EPA ECHO (OK),ECHO_OKR10I04B,OKR10I04B,Construction Stormwater NOI (1+ acre),2026-07-20,"McGuire Brothers, LLC",,,,"NW/4 SECTION 30, T-28N, R-3E","MCLOUD, OK",,74851,OK,Site: KICKAPOO VALLEY MHU PROJECT,,,
EPA ECHO (WA),ECHO_WAR10F0D0,WAR10F0D0,Construction Stormwater NOI (1+ acre),2026-07-20,NAVFAC NW,,,,U-LOT,"BREMERTON, WA",,98314,WA,Site: PSNS U-LOT FOUNDATION & INFRASTRUCTURE,,,
EPA ECHO (AL),ECHO_ALR10BCWI,ALR10BCWI,Construction Stormwater NOI (1+ acre),2026-07-20,"DR Horton, Inc.",,,,SANDY OAKS DRIVE,"HARVEST, AL",AL089,35749,AL,Site: OAK FOREST,,,
EPA ECHO (AL),ECHO_ALR10C674,ALR10C674,Construction Stormwater NOI (1+ acre),2026-07-20,"Sims Bark Co., Inc.",,,,22351 LONGVIEW AVE,"FLORALA, AL",AL039,36442,AL,Site: SIMS BARK COMPANY - FLORALA,,,
EPA ECHO (IL),ECHO_ILR10ZH7B,ILR10ZH7B,Construction Stormwater NOI (1+ acre),2026-07-19,North Mac C.U.S.D. #34,,,,231 W FORTUNE ST,"VIRDEN, IL",,62690,IL,Site: NORTH MAC NEW SOFTBALL FIELD,,,
EPA ECHO (FL),ECHO_FLR10YP92,FLR10YP92,Construction Stormwater NOI (1+ acre),2026-07-19,Bluewater Engineering  Development,,,,3000 NE 30TH PL,"FORT LAUDERDALE, FL",,33306-1928,FL,Site: CLARIDGE OAKLAND PARK,,,
EPA ECHO (FL),ECHO_FLR10YP85,FLR10YP85,Construction Stormwater NOI (1+ acre),2026-07-19,Pave-Rite Inc,,,,9221 COMMERCIAL WAY,"WEEKI WACHEE, FL",,34613-3945,FL,Site: GLEN LAKES COMMONS PHASE II,,,
EPA ECHO (IL),ECHO_ILR10ZH7A,ILR10ZH7A,Construction Stormwater NOI (1+ acre),2026-07-19,PJ Hoerr,,,,700 ERIE AVE,"MORTON, IL",,61550,IL,Site: MIDWEST FOOD BANK MORTON WAREHOUSE EXPANSION,,,
EPA ECHO (FL),ECHO_FLR10YQ16,FLR10YQ16,Construction Stormwater NOI (1+ acre),2026-07-19,Verano Development LLC,,,,8819 SW FLUTTO WAY,"PORT SAINT LUCIE, FL",,34953,FL,Site: VERANO D7,,,
EPA ECHO (FL),ECHO_FLR10YP89,FLR10YP89,Construction Stormwater NOI (1+ acre),2026-07-19,Ocean Blue Custom Homes,,,,2960 GREENBRIAR BLVD,"WELLINGTON, FL",,33414-7112,FL,Site: 2960 GREENBRIAR,,,
EPA ECHO (FL),ECHO_FLR10YP90,FLR10YP90,Construction Stormwater NOI (1+ acre),2026-07-19,"Close Construction Services, LLC.",,,,185 W WINIFRED ST,"ARCADIA, FL",,34266-4541,FL,Site: SPEER CENTER,,,
EPA ECHO (FL),ECHO_FLR10YP91,FLR10YP91,Construction Stormwater NOI (1+ acre),2026-07-19,Miller Construction Company,,,,2900 W SAMPLE RD,"POMPANO BEACH, FL",,33073-3024,FL,Site: FOUNDRY FESTIVAL INDUSTRIAL,,,
EPA ECHO (FL),ECHO_FLR10YP88,FLR10YP88,Construction Stormwater NOI (1+ acre),2026-07-19,Lee County (Facilities Construction  Management),,,,50/58 ESTERO BLVD,"FORT MYERS BEACH, FL",,33931,FL,Site: BOWDITCH POINT PARK,,,
EPA ECHO (SC),ECHO_SCR10ZLEH,SCR10ZLEH,Construction Stormwater NOI (1+ acre),2026-07-19,Eva-Marie Fox,,,,2 SADDLEBACK CV,"TRAVELERS REST, SC",SC045,296902232,SC,Site: T & S BRASS INNOVATION CENTER,,,
EPA ECHO (FL),ECHO_FLR10YP87,FLR10YP87,Construction Stormwater NOI (1+ acre),2026-07-19,"The BG Group, LLC",,,,201 W BROWARD BLVD,"FORT LAUDERDALE, FL",,33301-1839,FL,Site: GORE BUILDING,,,
EPA ECHO (FL),ECHO_FLR10YP86,FLR10YP86,Construction Stormwater NOI (1+ acre),2026-07-19,"Sarasota Station Holdings, LLC",,,,6TH STREET,"SARASOTA, FL",,34238,FL,"Site: SARASOTA STATION, PHASES 1  2",,,
EPA ECHO (FL),ECHO_FLR10YP98,FLR10YP98,Construction Stormwater NOI (1+ acre),2026-07-18,Forts Services LLC,,,,UNKNOWN,"SUNRISE, FL",,33351,FL,Site: ELITE ALUMINIUM SUNRISE,,,
EPA ECHO (IL),ECHO_ILR10ZH76,ILR10ZH76,Construction Stormwater NOI (1+ acre),2026-07-18,"Kailasha Developers USA, LLC",,,,575 W LIES ROAD,"CAROL STREAM, IL",,60188,IL,Site: THE ENCLAVE AT CAROL STREAM,,,
EPA ECHO (IL),ECHO_ILR10ZH78,ILR10ZH78,Construction Stormwater NOI (1+ acre),2026-07-18,North America Islamic Trust,,,,4125 CHARTER OAK RD.,"PEORIA, IL",,61615,IL,"Site: ISLAMIC CENTER OF PEORIA, PHASE 4",,,
EPA ECHO (FL),ECHO_FLR10YP83,FLR10YP83,Construction Stormwater NOI (1+ acre),2026-07-18,Harbor Development Group,,,,1456 SIMMONS RD,"FERNANDINA BEACH, FL",,32034-8950,FL,Site: MAGNOLIA SOUND,,,
EPA ECHO (IL),ECHO_ILR10ZH73,ILR10ZH73,Construction Stormwater NOI (1+ acre),2026-07-18,"BFA, Inc.",,,,8915 N. ALLEN ROAD,"PEORIA, IL",,61615,IL,"Site: 03460-1010 PEORIA, IL WALMART - PAVEMENT REPAIR",,,
EPA ECHO (FL),ECHO_FLR10YP80,FLR10YP80,Construction Stormwater NOI (1+ acre),2026-07-18,Pulte Home Company LLC,,,,UNKNOWN,"BABCOCK RANCH, FL",,33920,FL,Site: SAWGRASS LAKES - PULTE,,,
EPA ECHO (IL),ECHO_ILR10ZH75,ILR10ZH75,Construction Stormwater NOI (1+ acre),2026-07-18,UHLA Central Inc.,,,,I-294,"BERKELEY, IL",,60163,IL,Site: 2032: I-294 ROADWAY RECONSTRUCTION: ST. CHARLES RD. TO NORTH AVE.,,,
EPA ECHO (FL),ECHO_FLR10YP81,FLR10YP81,Construction Stormwater NOI (1+ acre),2026-07-18,AOG Living,,,,OVERSTREET W  W IRLO BRONSON MEMORIAL HWY,"KISSIMMEE, FL",,34747,FL,Site: AOG KISSIMMEE IRLO BRONSON MULTIFAMILY,,,
EPA ECHO (FL),ECHO_FLR10YP79,FLR10YP79,Construction Stormwater NOI (1+ acre),2026-07-18,"Thalle Construction Co., Inc.",,,,5901 YOUNG PINE RD,"ORLANDO, FL",,32829-7428,FL,Site: ORANGE COUNTY SOLID WASTE MANAGEMENT FACILITY,,,
EPA ECHO (IL),ECHO_ILR10ZH74,ILR10ZH74,Construction Stormwater NOI (1+ acre),2026-07-18,PN Lies LLC,,,,26W241 &26W181 LIES ROAD,"CAROL STREAM, IL",,60188,IL,Site: THE RESERVE AT PEBBLE NEST,,,
EPA ECHO (IL),ECHO_ILR10ZH77,ILR10ZH77,Construction Stormwater NOI (1+ acre),2026-07-18,TBD,,,,WINE HILL RD,"GORHAM, IL",,62940,IL,Site: LINE 1636 M TO G TRANSMISSION LINE REBUILD PROJECT,,,
EPA ECHO (FL),ECHO_FLR10YP82,FLR10YP82,Construction Stormwater NOI (1+ acre),2026-07-18,R  D PAVING LLC,,,,--,"WELLINGTON, FL",,33414,FL,Site: GREENBRIAR,,,
EPA ECHO (FL),ECHO_FLR10YP84,FLR10YP84,Construction Stormwater NOI (1+ acre),2026-07-18,LMD HOME BUILDERS LLC,,,,127 CAVALIER ST,"PALM BAY, FL",,32909-1174,FL,Site: LMD HOME BUILDERS LLC,,,
EPA ECHO (IL),ECHO_ILR10ZH79,ILR10ZH79,Construction Stormwater NOI (1+ acre),2026-07-18,NPL,,,,FRONT ST. (IL RTE 31) & W. ELM ST. (IL RTE 120),"MCHENRY, IL",,60050,IL,Site: N16743 MCHENRY PUBLIC IMPROVEMENT (WO 1214243/3214243),,,
EPA ECHO (AK),ECHO_AKR10H16B,AKR10H16B,Construction Stormwater NOI (1+ acre),2026-07-18,Jeff Oshnack,,,,NORTH END OF SCHOOL RD,"TUNUNAK, AK",AK050,99681,AK,Site: TUNUNAK WASTEWATER TREATMENT AGGREGATE,,,
EPA ECHO (FL),ECHO_FLR10YP78,FLR10YP78,Construction Stormwater NOI (1+ acre),2026-07-17,ALPHA WRECKING,,,,2720 S OCEAN BLVD,"PALM BEACH, FL",,33480-5467,FL,Site: AMBASSADOR HOTEL WEST,,,
EPA ECHO (IL),ECHO_ILR10ZH6Y,ILR10ZH6Y,Construction Stormwater NOI (1+ acre),2026-07-17,Triple Z Storage,,,,4460 E 1251ST RD,"EARLVILLE, IL",,60518,IL,Site: TRIPLE Z STORAGE - EARLVILLE,,,
EPA ECHO (FL),ECHO_FLR10YP74,FLR10YP74,Construction Stormwater NOI (1+ acre),2026-07-17,Carton Construction Company,,,,1240 OLD DIXIE HWY,"VERO BEACH, FL",,32960-3747,FL,Site: OLD DIXIE AUTOMOTIVE,,,
EPA ECHO (SC),ECHO_SCR10ZLEA,SCR10ZLEA,Construction Stormwater NOI (1+ acre),2026-07-17,Steven Hutfles,,,,405 E ARCH ST,"LANCASTER, SC",SC057,297202537,SC,Site: MJC PARK REHABILITATION PROJECT,,,
EPA ECHO (SC),ECHO_SCR10ZLDZ,SCR10ZLDZ,Construction Stormwater NOI (1+ acre),2026-07-17,Brent Gibadlo,,,,INTERSECTION OF NEXTON PARKWAY AND GRAND BLVD,"N/A - UNINCORPORATED BERKELEY COUNTY, SC",SC015,29486,SC,Site: NEXTON MIDTOWN PHASE 5A,,,
EPA ECHO (FL),ECHO_FLR10YP76,FLR10YP76,Construction Stormwater NOI (1+ acre),2026-07-17,ALPHA WRECKING,,,,2730 S OCEAN BLVD,"PALM BEACH, FL",,33480-5538,FL,Site: AMBASSADOR HOTEL EAST,,,
EPA ECHO (SC),ECHO_SCR10ZLEE,SCR10ZLEE,Construction Stormwater NOI (1+ acre),2026-07-17,Henry Munn,,,,US HIGHWAY 278 AND BRICKYARD ROAD,"HARDEEVILLE, SC",SC053,29927,SC,Site: CAROLINA STATION AT MORGAN TRACT - CAROLINIAN PARKWAY,,,
EPA ECHO (IL),ECHO_ILR10ZH6X,ILR10ZH6X,Construction Stormwater NOI (1+ acre),2026-07-17,NPL,,,,NEAR 3N098 FREELAND ROAD,"MAPLE PARK, IL",,60151,IL,Site: NBA10019407 MAPLE PARK NEW BUSINESS (WO1616129),,,
EPA ECHO (AL),ECHO_ALR10C8AZ,ALR10C8AZ,Construction Stormwater NOI (1+ acre),2026-07-17,"Edwards Oil Co. of Lawrenceburg, Inc.",,,,1511 FORT AVENUE,"MUSCLE SHOALS, AL",AL033,35661,AL,Site: EDWARDS OIL,,,
EPA ECHO (AL),ECHO_ALR10C8AY,ALR10C8AY,Construction Stormwater NOI (1+ acre),2026-07-17,"SCP/BPG Magnolia Holdings, LLC",,,,AL-161 AND CR 20,"FOLEY, AL",AL003,36535,AL,Site: AL-161 (FBE) & CR 20 SOUTH ACCESS & UTILITIES,,,
EPA ECHO (SC),ECHO_SCR10ZLE0,SCR10ZLE0,Construction Stormwater NOI (1+ acre),2026-07-17,Andrew Gunderson,,,,610 ALVERSON RD,"CAMPOBELLO, SC",SC083,29322,SC,Site: ALVERSON ROAD BRIDGE REPLACEMENT OVER SOUTH PACOLET RIVER,,,
EPA ECHO (FL),ECHO_FLR10YP61,FLR10YP61,Construction Stormwater NOI (1+ acre),2026-07-17,Southern Valley Homes,,,,UNKNOWN,"SPRING HILL, FL",,34609,FL,Site: AUGUSTINE PARK,,,
EPA ECHO (SC),ECHO_SCR10ZLE4,SCR10ZLE4,Construction Stormwater NOI (1+ acre),2026-07-17,Jeffrey Edelman,,,,MCCRAY'S MILL ROAD,"N/A, SC",SC085,29153,SC,Site: SOUTHBRIDGE SUBDIVISION PHASE 3-6,,,
EPA ECHO (IL),ECHO_ILR10ZH71,ILR10ZH71,Construction Stormwater NOI (1+ acre),2026-07-17,Mid Illinois Concrete & Excavation,,,,1706 COMMUNITY DRIVE,"CHARLESTON, IL",,61920,IL,Site: LINDER SPORTS COMPLEX - PICKLE BALL COURTS,,,
EPA ECHO (AL),ECHO_ALR10C8AX,ALR10C8AX,Construction Stormwater NOI (1+ acre),2026-07-17,"H&C St. Clair Holdings, LLC",,,,HWY 174,"ODENVILLE, AL",AL115,35120,AL,Site: CRESCENT RIDGE SUBDIVISION,,,
EPA ECHO (SC),ECHO_SCR10ZLE7,SCR10ZLE7,Construction Stormwater NOI (1+ acre),2026-07-17,Lee Ann Hodge,,,,1400 HIGHWAY 101 S,"GREER, SC",SC083,29651,SC,Site: BMW HALL 52 EXPANSION PROJECT,,,
EPA ECHO (AL),ECHO_ALR10C4SY,ALR10C4SY,Construction Stormwater NOI (1+ acre),2026-07-17,"D.R. Horton, Inc.",,,,HENRY COUNTY 22 & HERITAGE WAY,"HEADLAND, AL",AL067,36345,AL,Site: HERITAGE RIDGE,,,
EPA ECHO (FL),ECHO_FLR10YP77,FLR10YP77,Construction Stormwater NOI (1+ acre),2026-07-17,"C W Roberts Contracting, Inc.",,,,SR61/SR363 CRAWFORDVILLE RD/ADAMS STREET,"TALLAHASSEE, FL",,32301,FL,Site: 2558 T3987 CRAWFORDVILLE HWY,,,
EPA ECHO (IL),ECHO_ILR10ZH6W,ILR10ZH6W,Construction Stormwater NOI (1+ acre),2026-07-17,North Arrow Partners,,,,10450 YORKHOUSE ROAD,"BEACH PARK, IL",,60087,IL,Site: LAKE PLAIN SENIOR HOUSING,,,
EPA ECHO (FL),ECHO_FLR10YP73,FLR10YP73,Construction Stormwater NOI (1+ acre),2026-07-17,"Site and Utility, LLC",,,,6020 AIRLANE DR,"PENSACOLA, FL",,32504-8226,FL,Site: PNS HANGAR 4,,,
EPA ECHO (SC),ECHO_SCR10ZLE5,SCR10ZLE5,Construction Stormwater NOI (1+ acre),2026-07-17,Kirsten Robertson,,,,175 RIVER BEND ROAD,"GREENVILLE, SC",SC045,29617,SC,Site: RIVERBEND EQUESTRIAN PARK STORMWATER IMPROVEMENT PROJECT,,,
EPA ECHO (SC),ECHO_SCR10ZLDX,SCR10ZLDX,Construction Stormwater NOI (1+ acre),2026-07-17,Bre Daniels,,,,9806 VERDUN CT,"INDIAN LAND, SC",SC057,297070202,SC,Site: VERDUN COURT ILEC,,,
EPA ECHO (AL),ECHO_ALR10C0J6,ALR10C0J6,Construction Stormwater NOI (1+ acre),2026-07-17,"Helena Agri-Enterprises, LLC",,,,PANSEY ROAD,"ASHFORD, AL",AL069,36312,AL,"Site: HELENA AGRI-ENTERPRISES ASHFORD, AL",,,
EPA ECHO (FL),ECHO_FLR10YP62,FLR10YP62,Construction Stormwater NOI (1+ acre),2026-07-17,Garcia Civil Contractors,,,,3361 ROUSE RD,"ORLANDO, FL",,32817-2193,FL,Site: FDOT T1928,,,
EPA ECHO (AL),ECHO_ALR10C5P5,ALR10C5P5,Construction Stormwater NOI (1+ acre),2026-07-17,"Ryan Shirley, Inc.",,,,BOBBY MILLER PARKWAY,"TUSCALOOSA, AL",AL125,35405,AL,Site: TARTAN COVE,,,
EPA ECHO (IL),ECHO_ILR10ZH70,ILR10ZH70,Construction Stormwater NOI (1+ acre),2026-07-17,Village of Orland Park,,,,14710 PARK LN,"ORLAND PARK, IL",,60462,IL,Site: DOOGAN PARK IMPROVEMENTS,,,
EPA ECHO (FL),ECHO_FLR10YP60,FLR10YP60,Construction Stormwater NOI (1+ acre),2026-07-17,"The BG Group, LLC",,,,3801 BISCAYNE BLVD,"MIAMI, FL",,33137-3732,FL,Site: 3801 BISCAYNE BLVD,,,
EPA ECHO (AL),ECHO_ALR10C7B7,ALR10C7B7,Construction Stormwater NOI (1+ acre),2026-07-17,"Wyatt General Contractor, LLC",,,,515-547 LAKE CONDY RD,"OPELIKA, AL",AL081,36801,AL,Site: ST. MARY'S CATHOLIC CHURCH,,,
EPA ECHO (FL),ECHO_FLR10YP59,FLR10YP59,Construction Stormwater NOI (1+ acre),2026-07-17,"Accurate Drilling Systems, Inc.",,,,--,"JENSEN BEACH, FL",,34957,FL,Site: NORTH JENSEN WELL NRO-5 RWM,,,
EPA ECHO (AL),ECHO_ALR10C69G,ALR10C69G,Construction Stormwater NOI (1+ acre),2026-07-17,"Clements Dean Building Company, L.L.C.",,,,330 GLENN C GANT CIR,"DORA, AL",AL127,35062,AL,Site: DORA HIGH SCHOOL,,,
EPA ECHO (AK),ECHO_AKR10H15M,AKR10H15M,Construction Stormwater NOI (1+ acre),2026-07-17,Brian Maller,,,,3985 MENDENHALL LOOP RD,"JUNEAU, AK",AK110,99801,AK,Site: JNU LOOP ROAD VALLEY BLVD ROUNDABOUT AND SAFETY IMP,,,
EPA ECHO (AL),ECHO_ALR10C6P8,ALR10C6P8,Construction Stormwater NOI (1+ acre),2026-07-17,BROAD METRO LLC,,,,5300 MAGNOLIA TRCE,"HOOVER, AL",AL073,35244,AL,Site: STADIUM TRACE VILLAGE PHASE II,,,
EPA ECHO (IL),ECHO_ILR10ZH6O,ILR10ZH6O,Construction Stormwater NOI (1+ acre),2026-07-17,ARCH Electric Inc.,,,,1602 W. MULBERRY STREET,"CITY OF ROBINSON, IL",,62454,IL,Site: WEBER FAMILY SOLAR 2 LLC,,,
EPA ECHO (AK),ECHO_AKR10H13T,AKR10H13T,Construction Stormwater NOI (1+ acre),2026-07-17,Brian Maller,,,,INTERSECTION OF EGAN DRIVE/VANDERBILT HILL RD,"JUNEAU, AK",AK110,99801,AK,Site: JUNEAU HSIP VANDERBILT CONTINUOUS GREEN T,,,
EPA ECHO (FL),ECHO_FLR10YP97,FLR10YP97,Construction Stormwater NOI (1+ acre),2026-07-17,"Rycon Construction, Inc",,,,3201 NW 110TH ST,"MIAMI, FL",,33167-3717,FL,Site: PROLOGIS GRATIGNY 14,,,
EPA ECHO (AL),ECHO_ALR10C8AW,ALR10C8AW,Construction Stormwater NOI (1+ acre),2026-07-17,"Doster Construction Company, Inc.",,,,55 RICE MINE ROAD LOOP,"TUSCALOOSA, AL",AL125,35406,AL,Site: SPORTS ILLUSTRATED RESORT,,,
EPA ECHO (FL),ECHO_FLR10YP72,FLR10YP72,Construction Stormwater NOI (1+ acre),2026-07-17,CCC Site Development LLC,,,,950 BENNETT RD,"ORLANDO, FL",,32803-5242,FL,Site: FEDERAL EXPRESS CORP ORLA,,,
EPA ECHO (SC),ECHO_SCR10ZLE3,SCR10ZLE3,Construction Stormwater NOI (1+ acre),2026-07-17,Richy Brock,,,,505 MICHELIN RD,"GREENVILLE, SC",SC045,296056131,SC,Site: MNA MSTC,,,
EPA ECHO (IL),ECHO_ILR10ZH6Z,ILR10ZH6Z,Construction Stormwater NOI (1+ acre),2026-07-17,Boldt,,,,NW CORNER OF RAND RD (US-12) AND MILLER RD,"LAKE ZURICH, IL",,60047,IL,Site: ADVOCATE OUTPATIENT CENTER - LAKE ZURICH,,,
EPA ECHO (IL),ECHO_ILR10ZH72,ILR10ZH72,Construction Stormwater NOI (1+ acre),2026-07-17,To Be Determined,,,,MEADOWBROOK LANE,"FREEPORT, IL",,61032,IL,Site: MEADOWBROOK GRAVITY SEWER,,,
EPA ECHO (FL),ECHO_FLR10YP63,FLR10YP63,Construction Stormwater NOI (1+ acre),2026-07-17,HydroGeoLogic Inc,,,,UNKNOWN,"COCOA BEACH, FL",,32932,FL,Site: PRACTICE GRENADE TRAINING AREA (GR306) SITE P187,,,
EPA ECHO (FL),ECHO_FLR10UN25,FLR10UN25,Construction Stormwater NOI (1+ acre),2026-07-17,"Pulte Home Company, LLC",,,,UNKNOWN,"ESTERO, FL",FL071,33928,FL,Site: VERDANA VILLAGE,,,
EPA ECHO (SC),ECHO_SCR10ZLDY,SCR10ZLDY,Construction Stormwater NOI (1+ acre),2026-07-17,Zachary West,,,,(UNKNOWN ADDRESS),"(UNKNOWN CITY), SC",SC063,00000,SC,Site: OLD STATE RD TB REPLACEMENT,,,
EPA ECHO (SC),ECHO_SCR10ZLED,SCR10ZLED,Construction Stormwater NOI (1+ acre),2026-07-17,Kirsten Robertson,,,,1155 S SUBER RD,"GREER, SC",SC045,29650,SC,Site: EAST RIVERSIDE PARK STORMWATER IMPROVEMENT PROJECT,,,
EPA ECHO (SC),ECHO_SCR10ZLEC,SCR10ZLEC,Construction Stormwater NOI (1+ acre),2026-07-17,David Smith,,,,4900 BROAD RIVER ROAD,"COLUMBIA, SC",SC079,29212,SC,Site: DJJ SITE SECURITY FENCING,,,
EPA ECHO (AL),ECHO_ALR10C3S0,ALR10C3S0,Construction Stormwater NOI (1+ acre),2026-07-17,"Clayton Properties Group, Inc.",,,,SOUTH LIBERTY,"VESTAVIA HILLS, AL",AL073,35242,AL,Site: BRAYFIELD RESIDENTIAL & THE BRAY TOWNHOMES,,,
EPA ECHO (SC),ECHO_SCR10ZLEB,SCR10ZLEB,Construction Stormwater NOI (1+ acre),2026-07-17,Joe Waldron,,,,711A VESTRELLA RD,"GREENVILLE, SC",SC045,29607,SC,Site: ARDEN WOODS - SECTION 1 (SW),,,
